{"elapsed_tokens": 357570.0, "elapsed_examples": 4002.0, "training_loss": 0.0635081518038966, "training_sequence_accuracy": 0.5, "training_token_accuracy": 0.8333333333333334, "validation_loss": 0.0562603475944234, "validation_sequence_accuracy": 1.0, "validation_token_accuracy": 1.0, "_timestamp": 1661254819.0275872, "_runtime": 3.6786670684814453, "_step": 2001, "fine_tuned_model": "ada:ft-personal-2022-08-23-11-40-04", "status": "succeeded", "_wandb": {"runtime": 27}}