{"elapsed_tokens": 356884.0, "elapsed_examples": 4004.0, "training_loss": 0.0894286864421371, "training_sequence_accuracy": 0.0, "training_token_accuracy": 0.8333333333333334, "validation_loss": 0.0992262975331604, "validation_sequence_accuracy": 0.0, "validation_token_accuracy": 0.6666666666666666, "_timestamp": 1661320146.131367, "_runtime": 3.6874899864196777, "_step": 2002, "fine_tuned_model": "ada:ft-personal-2022-08-24-05-48-51", "status": "succeeded", "_wandb": {"runtime": 26}}