{"elapsed_tokens": 3849.0, "elapsed_examples": 121.0, "training_loss": 0.0666566811232769, "training_sequence_accuracy": 0.0, "training_token_accuracy": 0.6666666666666666, "validation_loss": 0.0893797896840624, "validation_sequence_accuracy": 0.0, "validation_token_accuracy": 0.6666666666666666, "_timestamp": 1661980187.779234, "_runtime": 3.0273890495300293, "_step": 121, "fine_tuned_model": "ada:ft-lsmoepfl-2022-08-31-21-09-34", "status": "succeeded", "_wandb": {"runtime": 12}}