{"elapsed_tokens": 66226.0, "elapsed_examples": 1250.0, "training_loss": 0.0812468531829457, "training_sequence_accuracy": 0.0, "training_token_accuracy": 0.8, "validation_loss": 0.11331674418413, "validation_sequence_accuracy": 0.0, "validation_token_accuracy": 0.8, "_timestamp": 1662128150.642426, "_runtime": 9.512586116790771, "_step": 1250, "fine_tuned_model": "ada:ft-lsmoepfl-2022-09-02-14-15-28", "_wandb": {"runtime": 685}}