{"elapsed_tokens": 16761.0, "elapsed_examples": 201.0, "training_loss": 0.0695445902406368, "training_sequence_accuracy": 0.0, "training_token_accuracy": 0.6666666666666666, "validation_loss": 0.0774460116225668, "validation_sequence_accuracy": 0.0, "validation_token_accuracy": 0.6666666666666666, "_timestamp": 1660972053.830234, "_runtime": 1.7394111156463623, "_step": 201, "fine_tuned_model": "davinci:ft-lsmoepfl-2022-08-20-05-07-26", "status": "succeeded", "_wandb": {"runtime": 7}}