{"elapsed_tokens": 3346.0, "elapsed_examples": 42.0, "training_loss": 0.0773721954486311, "training_sequence_accuracy": 1.0, "training_token_accuracy": 1.0, "validation_loss": 0.1120641330760554, "validation_sequence_accuracy": 0.0, "validation_token_accuracy": 0.6666666666666666, "_timestamp": 1660935569.844995, "_runtime": 3.7745211124420166, "_step": 42, "fine_tuned_model": "ada:ft-lsmoepfl-2022-08-19-18-59-20", "status": "succeeded", "_wandb": {"runtime": 10}}