{"elapsed_tokens": 66714.0, "elapsed_examples": 802.0, "training_loss": 0.1018281519851133, "training_sequence_accuracy": 0.0, "training_token_accuracy": 0.6666666666666666, "validation_loss": 0.1023967709909257, "validation_sequence_accuracy": 0.0, "validation_token_accuracy": 0.6666666666666666, "_timestamp": 1661318937.9632168, "_runtime": 3.3349108695983887, "_step": 802, "fine_tuned_model": "ada:ft-personal-2022-08-24-05-28-43", "status": "succeeded", "_wandb": {"runtime": 25}}