{"elapsed_tokens": 10549.0, "elapsed_examples": 101.0, "training_loss": 0.0435131968525005, "training_sequence_accuracy": 1.0, "training_token_accuracy": 1.0, "validation_loss": 0.0589208160056299, "validation_sequence_accuracy": 0.0, "validation_token_accuracy": 0.6666666666666666, "_timestamp": 1661967594.651247, "_runtime": 5.0106260776519775, "_step": 101, "fine_tuned_model": "ada:ft-lsmoepfl-2022-08-31-17-39-36", "status": "succeeded", "_wandb": {"runtime": 11}}