{"elapsed_tokens": 33561.0, "elapsed_examples": 401.0, "training_loss": 0.099521372920248, "training_sequence_accuracy": 0.0, "training_token_accuracy": 0.6666666666666666, "validation_loss": 0.1290793662758132, "validation_sequence_accuracy": 0.0, "validation_token_accuracy": 0.6666666666666666, "_timestamp": 1661310990.289641, "_runtime": 3.2111618518829346, "_step": 401, "fine_tuned_model": "ada:ft-personal-2022-08-24-03-16-17", "status": "succeeded", "_wandb": {"runtime": 24}}