{"elapsed_tokens": 30257.0, "elapsed_examples": 601.0, "training_loss": 0.0434794012492511, "training_sequence_accuracy": 1.0, "training_token_accuracy": 1.0, "validation_loss": 0.0565420681892237, "validation_sequence_accuracy": 0.0, "validation_token_accuracy": 0.6666666666666666, "_timestamp": 1661985106.868051, "_runtime": 2.903599977493286, "_step": 601, "fine_tuned_model": "ada:ft-lsmoepfl-2022-08-31-22-31-26", "status": "succeeded", "_wandb": {"runtime": 12}}