{"elapsed_tokens": 339554.0, "elapsed_examples": 4002.0, "training_loss": 0.0614963611219059, "training_sequence_accuracy": 1.0, "training_token_accuracy": 1.0, "validation_loss": 0.0580209099819958, "validation_sequence_accuracy": 1.0, "validation_token_accuracy": 1.0, "_timestamp": 1661285670.1958861, "_runtime": 3.4669651985168457, "_step": 2001, "fine_tuned_model": "ada:ft-personal-2022-08-23-20-14-20", "status": "succeeded", "_wandb": {"runtime": 11}}