{"elapsed_tokens": 17001.0, "elapsed_examples": 201.0, "training_loss": 0.1094648684496301, "training_sequence_accuracy": 0.0, "training_token_accuracy": 0.6666666666666666, "validation_loss": 0.1635702554691125, "validation_sequence_accuracy": 0.0, "validation_token_accuracy": 0.6666666666666666, "_timestamp": 1661326238.0994308, "_runtime": 3.9460787773132324, "_step": 201, "fine_tuned_model": "ada:ft-personal-2022-08-24-07-30-23", "status": "succeeded", "_wandb": {"runtime": 25}}