{"elapsed_tokens": 50137.0, "elapsed_examples": 1001.0, "training_loss": 0.0234638203147765, "training_sequence_accuracy": 1.0, "training_token_accuracy": 1.0, "validation_loss": 0.0289489487474725, "validation_sequence_accuracy": 1.0, "validation_token_accuracy": 1.0, "_timestamp": 1662038253.485413, "_runtime": 8.456655025482178, "_step": 1001, "fine_tuned_model": "ada:ft-lsmoepfl-2022-09-01-13-17-15", "_wandb": {"runtime": 910}}