{"elapsed_tokens": 31825.0, "elapsed_examples": 401.0, "training_loss": 0.0745545991441342, "training_sequence_accuracy": 0.0, "training_token_accuracy": 0.6666666666666666, "validation_loss": 0.0760747380821984, "validation_sequence_accuracy": 0.0, "validation_token_accuracy": 0.6666666666666666, "_timestamp": 1661259448.524547, "_runtime": 3.8662381172180176, "_step": 401, "fine_tuned_model": "ada:ft-personal-2022-08-23-12-57-15", "status": "succeeded", "_wandb": {"runtime": 27}}