{"elapsed_tokens": 144410.0, "elapsed_examples": 1402.0, "training_loss": 0.0154041939219433, "training_sequence_accuracy": 1.0, "training_token_accuracy": 1.0, "validation_loss": 0.0201787312542132, "validation_sequence_accuracy": 0.0, "validation_token_accuracy": 0.6666666666666666, "_timestamp": 1661956701.308994, "_runtime": 3.5405850410461426, "_step": 1402, "fine_tuned_model": "ada:ft-lsmoepfl-2022-08-31-14-38-06", "status": "succeeded", "_wandb": {"runtime": 13}}