{"elapsed_tokens": 16513.0, "elapsed_examples": 201.0, "training_loss": 0.0724065868267602, "training_sequence_accuracy": 0.0, "training_token_accuracy": 0.6666666666666666, "validation_loss": 0.0762032634555817, "validation_sequence_accuracy": 1.0, "validation_token_accuracy": 1.0, "_timestamp": 1660939433.549491, "_runtime": 3.663054943084717, "_step": 201, "fine_tuned_model": "ada:ft-lsmoepfl-2022-08-19-20-03-44", "status": "succeeded", "_wandb": {"runtime": 11}}