{"elapsed_tokens": 30186.0, "elapsed_examples": 602.0, "training_loss": 0.0498903270876053, "training_sequence_accuracy": 0.0, "training_token_accuracy": 0.6666666666666666, "validation_loss": 0.0384879552262039, "validation_sequence_accuracy": 1.0, "validation_token_accuracy": 1.0, "_timestamp": 1661963837.069794, "_runtime": 3.1572530269622803, "_step": 602, "fine_tuned_model": "ada:ft-lsmoepfl-2022-08-31-16-37-01", "status": "succeeded", "_wandb": {"runtime": 15}}