{"elapsed_tokens": 3881.0, "elapsed_examples": 121.0, "training_loss": 0.0923043434341025, "training_sequence_accuracy": 0.0, "training_token_accuracy": 0.6666666666666666, "validation_loss": 0.0745056299308544, "validation_sequence_accuracy": 1.0, "validation_token_accuracy": 1.0, "_timestamp": 1661968854.458357, "_runtime": 3.968576192855835, "_step": 121, "fine_tuned_model": "ada:ft-lsmoepfl-2022-08-31-18-00-40", "status": "succeeded", "_wandb": {"runtime": 11}}