{"elapsed_tokens": 9873.0, "elapsed_examples": 201.0, "training_loss": 0.0386944160822531, "training_sequence_accuracy": 1.0, "training_token_accuracy": 1.0, "validation_loss": 0.0926511440792092, "validation_sequence_accuracy": 0.0, "validation_token_accuracy": 0.6666666666666666, "_timestamp": 1661957552.8031008, "_runtime": 6.442023754119873, "_step": 201, "fine_tuned_model": "ada:ft-lsmoepfl-2022-08-31-14-52-14", "status": "succeeded", "_wandb": {"runtime": 16}}