{"elapsed_tokens": 158130.0, "elapsed_examples": 2002.0, "training_loss": 0.0727955637240405, "training_sequence_accuracy": 0.0, "training_token_accuracy": 0.6666666666666666, "validation_loss": 0.0648328498706533, "validation_sequence_accuracy": 1.0, "validation_token_accuracy": 1.0, "_timestamp": 1660943625.202891, "_runtime": 2.705724000930786, "_step": 2002, "fine_tuned_model": "ada:ft-lsmoepfl-2022-08-19-21-13-36", "status": "succeeded", "_wandb": {"runtime": 9}}