{"elapsed_tokens": 758600.0, "elapsed_examples": 8008.0, "training_loss": 0.0550595596161136, "training_sequence_accuracy": 0.75, "training_token_accuracy": 0.9166666666666666, "validation_loss": 0.0529254042004005, "validation_sequence_accuracy": 0.75, "validation_token_accuracy": 0.9166666666666666, "_timestamp": 1661274821.4757519, "_runtime": 3.2318999767303467, "_step": 2002, "fine_tuned_model": "ada:ft-personal-2022-08-23-17-13-31", "status": "succeeded", "_wandb": {"runtime": 11}}