{"elapsed_tokens": 31169.0, "elapsed_examples": 401.0, "training_loss": 0.0705471438694944, "training_sequence_accuracy": 0.0, "training_token_accuracy": 0.6666666666666666, "validation_loss": 0.0924390406767126, "validation_sequence_accuracy": 0.0, "validation_token_accuracy": 0.6666666666666666, "_timestamp": 1661612321.7471302, "_runtime": 2.644017219543457, "_step": 401, "fine_tuned_model": "davinci:ft-lsmoepfl-2022-08-27-14-58-29", "status": "succeeded", "_wandb": {"runtime": 19}}