{"elapsed_tokens": 1046.0, "elapsed_examples": 22.0, "training_loss": 0.2442077022971353, "training_sequence_accuracy": 0.0, "training_token_accuracy": 0.6666666666666666, "validation_loss": 0.3488579673626061, "validation_sequence_accuracy": 0.0, "validation_token_accuracy": 0.6666666666666666, "_timestamp": 1661983900.481357, "_runtime": 3.837651014328003, "_step": 22, "fine_tuned_model": "ada:ft-lsmoepfl-2022-08-31-22-11-21", "status": "succeeded", "_wandb": {"runtime": 16}}