{"elapsed_tokens": 3137.0, "elapsed_examples": 41.0, "training_loss": 0.0897724656627608, "training_sequence_accuracy": 0.0, "training_token_accuracy": 0.6666666666666666, "validation_loss": 0.122140150605347, "validation_sequence_accuracy": 0.0, "validation_token_accuracy": 0.6666666666666666, "_timestamp": 1660948379.0378518, "_runtime": 2.097972869873047, "_step": 41, "fine_tuned_model": "davinci:ft-lsmoepfl-2022-08-19-22-32-51", "status": "succeeded", "_wandb": {"runtime": 6}}