{"elapsed_tokens": 342692.0, "elapsed_examples": 4004.0, "training_loss": 0.0530540569910246, "training_sequence_accuracy": 1.0, "training_token_accuracy": 1.0, "validation_loss": 0.0717201415670779, "validation_sequence_accuracy": 0.5, "validation_token_accuracy": 0.8333333333333334, "_timestamp": 1661223368.996601, "_runtime": 3.9033942222595215, "_step": 2002, "fine_tuned_model": "ada:ft-personal-2022-08-23-02-55-54", "status": "succeeded", "_wandb": {"runtime": 26}}