{"elapsed_tokens": 16834.0, "elapsed_examples": 202.0, "training_loss": 0.1022734807952557, "training_sequence_accuracy": 0.0, "training_token_accuracy": 0.8333333333333334, "validation_loss": 0.1085681317336862, "validation_sequence_accuracy": 0.0, "validation_token_accuracy": 0.6666666666666666, "_timestamp": 1661330106.5362382, "_runtime": 3.4741711616516113, "_step": 202, "fine_tuned_model": "ada:ft-personal-2022-08-24-08-34-51", "status": "succeeded", "_wandb": {"runtime": 26}}