{"elapsed_tokens": 757252.0, "elapsed_examples": 8004.0, "training_loss": 0.0471800259115421, "training_sequence_accuracy": 1.0, "training_token_accuracy": 1.0, "validation_loss": 0.0609884475029342, "validation_sequence_accuracy": 0.75, "validation_token_accuracy": 0.9166666666666666, "_timestamp": 1661256489.259868, "_runtime": 3.921860933303833, "_step": 2001, "fine_tuned_model": "ada:ft-personal-2022-08-23-12-07-54", "status": "succeeded", "_wandb": {"runtime": 27}}