{"elapsed_tokens": 42521.0, "elapsed_examples": 401.0, "training_loss": 0.0154514544789007, "training_sequence_accuracy": 1.0, "training_token_accuracy": 1.0, "validation_loss": 0.1016872401199812, "validation_sequence_accuracy": 0.0, "validation_token_accuracy": 0.6666666666666666, "_timestamp": 1661982292.22896, "_runtime": 2.774930000305176, "_step": 401, "fine_tuned_model": "ada:ft-lsmoepfl-2022-08-31-21-44-38", "status": "succeeded", "_wandb": {"runtime": 15}}