{"elapsed_tokens": 2001.0, "elapsed_examples": 41.0, "training_loss": 0.1127586160241117, "training_sequence_accuracy": 1.0, "training_token_accuracy": 1.0, "validation_loss": 0.2120731343778152, "validation_sequence_accuracy": 0.0, "validation_token_accuracy": 0.6666666666666666, "_timestamp": 1661951187.798002, "_runtime": 4.547530889511108, "_step": 41, "fine_tuned_model": "ada:ft-lsmoepfl-2022-08-31-13-06-14", "status": "succeeded", "_wandb": {"runtime": 15}}