{"elapsed_tokens": 3322.0, "elapsed_examples": 42.0, "training_loss": 0.056010742215858, "training_sequence_accuracy": 1.0, "training_token_accuracy": 1.0, "validation_loss": 0.1935499237991859, "validation_sequence_accuracy": 0.0, "validation_token_accuracy": 0.6666666666666666, "_timestamp": 1660937634.638946, "_runtime": 3.0092999935150146, "_step": 42, "fine_tuned_model": "ada:ft-lsmoepfl-2022-08-19-19-33-46", "status": "succeeded", "_wandb": {"runtime": 9}}