{"elapsed_tokens": 5230.0, "elapsed_examples": 102.0, "training_loss": 0.1136879055491135, "training_sequence_accuracy": 1.0, "training_token_accuracy": 1.0, "validation_loss": 0.0752847596433379, "validation_sequence_accuracy": 0.0, "validation_token_accuracy": 0.6666666666666666, "_timestamp": 1661980619.74752, "_runtime": 3.420543909072876, "_step": 102, "fine_tuned_model": "ada:ft-lsmoepfl-2022-08-31-21-16-44", "status": "succeeded", "_wandb": {"runtime": 12}}