{"elapsed_tokens": 3802.0, "elapsed_examples": 122.0, "training_loss": 0.0534058293974036, "training_sequence_accuracy": 1.0, "training_token_accuracy": 1.0, "validation_loss": 0.1355830693296411, "validation_sequence_accuracy": 0.0, "validation_token_accuracy": 0.6666666666666666, "_timestamp": 1661983387.8536909, "_runtime": 3.207641839981079, "_step": 122, "fine_tuned_model": "ada:ft-lsmoepfl-2022-08-31-22-02-52", "status": "succeeded", "_wandb": {"runtime": 12}}