{"elapsed_tokens": 168098.0, "elapsed_examples": 2002.0, "training_loss": 0.0733864888643398, "training_sequence_accuracy": 0.0, "training_token_accuracy": 0.6666666666666666, "validation_loss": 0.0567989913149456, "validation_sequence_accuracy": 1.0, "validation_token_accuracy": 1.0, "_timestamp": 1661245416.145352, "_runtime": 3.3840749263763428, "_step": 2002, "fine_tuned_model": "ada:ft-personal-2022-08-23-09-03-22", "status": "succeeded", "_wandb": {"runtime": 27}}