{"elapsed_tokens": 41218.0, "elapsed_examples": 402.0, "training_loss": 0.0139617064822243, "training_sequence_accuracy": 1.0, "training_token_accuracy": 1.0, "validation_loss": 0.0626762084879537, "validation_sequence_accuracy": 0.0, "validation_token_accuracy": 0.6666666666666666, "_timestamp": 1661986113.602495, "_runtime": 5.4296300411224365, "_step": 402, "fine_tuned_model": "ada:ft-lsmoepfl-2022-08-31-22-48-08", "status": "succeeded", "_wandb": {"runtime": 26}}