{"elapsed_tokens": 65817.0, "elapsed_examples": 801.0, "training_loss": 0.0894676314610649, "training_sequence_accuracy": 0.0, "training_token_accuracy": 0.8333333333333334, "validation_loss": 0.1159686468794297, "validation_sequence_accuracy": 0.0, "validation_token_accuracy": 0.6666666666666666, "_timestamp": 1661311254.0000892, "_runtime": 3.7840840816497803, "_step": 801, "fine_tuned_model": "ada:ft-personal-2022-08-24-03-20-39", "status": "succeeded", "_wandb": {"runtime": 25}}