{"elapsed_tokens": 62273.0, "elapsed_examples": 801.0, "training_loss": 0.0671638754294889, "training_sequence_accuracy": 1.0, "training_token_accuracy": 1.0, "validation_loss": 0.0791510628763569, "validation_sequence_accuracy": 0.0, "validation_token_accuracy": 0.6666666666666666, "_timestamp": 1661259871.19439, "_runtime": 3.725203037261963, "_step": 801, "fine_tuned_model": "ada:ft-personal-2022-08-23-13-04-17", "status": "succeeded", "_wandb": {"runtime": 33}}