{"elapsed_tokens": 16290.0, "elapsed_examples": 202.0, "training_loss": 0.0722079203504584, "training_sequence_accuracy": 0.0, "training_token_accuracy": 0.6666666666666666, "validation_loss": 0.0806401636145801, "validation_sequence_accuracy": 0.0, "validation_token_accuracy": 0.6666666666666666, "_timestamp": 1661236118.840703, "_runtime": 3.1869289875030518, "_step": 202, "fine_tuned_model": "ada:ft-personal-2022-08-23-06-28-27", "status": "succeeded", "_wandb": {"runtime": 23}}