{"elapsed_tokens": 62978.0, "elapsed_examples": 802.0, "training_loss": 0.0589822215270007, "training_sequence_accuracy": 1.0, "training_token_accuracy": 1.0, "validation_loss": 0.1000478077902117, "validation_sequence_accuracy": 0.0, "validation_token_accuracy": 0.6666666666666666, "_timestamp": 1661244389.665486, "_runtime": 3.2002220153808594, "_step": 802, "fine_tuned_model": "ada:ft-personal-2022-08-23-08-46-16", "status": "succeeded", "_wandb": {"runtime": 25}}