{"elapsed_tokens": 20657.0, "elapsed_examples": 201.0, "training_loss": 0.0650907952253223, "training_sequence_accuracy": 0.0, "training_token_accuracy": 0.6666666666666666, "validation_loss": 0.0554469014233422, "validation_sequence_accuracy": 0.0, "validation_token_accuracy": 0.6666666666666666, "_timestamp": 1661985872.81099, "_runtime": 2.8387410640716553, "_step": 201, "fine_tuned_model": "ada:ft-lsmoepfl-2022-08-31-22-44-19", "status": "succeeded", "_wandb": {"runtime": 12}}