{"elapsed_tokens": 15641.0, "elapsed_examples": 201.0, "training_loss": 0.0845695464597656, "training_sequence_accuracy": 0.0, "training_token_accuracy": 0.6666666666666666, "validation_loss": 0.0820973352113722, "validation_sequence_accuracy": 0.0, "validation_token_accuracy": 0.6666666666666666, "_timestamp": 1660942443.762829, "_runtime": 3.1007699966430664, "_step": 201, "fine_tuned_model": "ada:ft-lsmoepfl-2022-08-19-20-53-55", "status": "succeeded", "_wandb": {"runtime": 9}}