{"elapsed_tokens": 3265.0, "elapsed_examples": 41.0, "training_loss": 0.0637273278338398, "training_sequence_accuracy": 1.0, "training_token_accuracy": 1.0, "validation_loss": 0.1017829315225551, "validation_sequence_accuracy": 0.0, "validation_token_accuracy": 0.6666666666666666, "_timestamp": 1660936036.830784, "_runtime": 2.7166740894317627, "_step": 41, "fine_tuned_model": "ada:ft-lsmoepfl-2022-08-19-19-07-09", "status": "succeeded", "_wandb": {"runtime": 8}}