{"elapsed_tokens": 755236.0, "elapsed_examples": 8004.0, "training_loss": 0.0548377836207484, "training_sequence_accuracy": 1.0, "training_token_accuracy": 1.0, "validation_loss": 0.0541064988899594, "validation_sequence_accuracy": 1.0, "validation_token_accuracy": 1.0, "_timestamp": 1661225885.5449479, "_runtime": 3.7441048622131348, "_step": 2001, "fine_tuned_model": "ada:ft-personal-2022-08-23-03-37-52", "status": "succeeded", "_wandb": {"runtime": 27}}