{"elapsed_tokens": 13454.0, "elapsed_examples": 422.0, "training_loss": 0.0224486239071495, "training_sequence_accuracy": 1.0, "training_token_accuracy": 1.0, "validation_loss": 0.2853134265377946, "validation_sequence_accuracy": 0.0, "validation_token_accuracy": 0.6666666666666666, "_timestamp": 1662019574.185089, "_runtime": 3.141003131866455, "_step": 422, "fine_tuned_model": "ada:ft-lsmoepfl-2022-09-01-08-05-59", "status": "succeeded", "_wandb": {"runtime": 11}}