{"elapsed_tokens": 66450.0, "elapsed_examples": 802.0, "training_loss": 0.1103385293949853, "training_sequence_accuracy": 0.0, "training_token_accuracy": 0.8333333333333334, "validation_loss": 0.0954861795450855, "validation_sequence_accuracy": 0.0, "validation_token_accuracy": 0.8333333333333334, "_timestamp": 1661307377.362324, "_runtime": 4.561995983123779, "_step": 802, "fine_tuned_model": "ada:ft-personal-2022-08-24-02-15-59", "status": "succeeded", "_wandb": {"runtime": 31}}