{"elapsed_tokens": 33233.0, "elapsed_examples": 401.0, "training_loss": 0.0696150392455479, "training_sequence_accuracy": 0.0, "training_token_accuracy": 0.6666666666666666, "validation_loss": 0.068116834221912, "validation_sequence_accuracy": 1.0, "validation_token_accuracy": 1.0, "_timestamp": 1661283766.4356742, "_runtime": 2.6026360988616943, "_step": 401, "fine_tuned_model": "ada:ft-personal-2022-08-23-19-42-37", "status": "succeeded", "_wandb": {"runtime": 9}}