{"elapsed_tokens": 2554.0, "elapsed_examples": 82.0, "training_loss": 0.0729059709237844, "training_sequence_accuracy": 0.0, "training_token_accuracy": 0.6666666666666666, "validation_loss": 0.0841946220280988, "validation_sequence_accuracy": 1.0, "validation_token_accuracy": 1.0, "_timestamp": 1661980060.2524679, "_runtime": 3.263227939605713, "_step": 82, "fine_tuned_model": "ada:ft-lsmoepfl-2022-08-31-21-07-28", "status": "succeeded", "_wandb": {"runtime": 14}}