{"elapsed_tokens": 1022.0, "elapsed_examples": 22.0, "training_loss": 0.2217858558622538, "training_sequence_accuracy": 0.0, "training_token_accuracy": 0.6666666666666666, "validation_loss": 0.2039415529125835, "validation_sequence_accuracy": 1.0, "validation_token_accuracy": 1.0, "_timestamp": 1661965961.1459892, "_runtime": 2.8569281101226807, "_step": 22, "fine_tuned_model": "ada:ft-lsmoepfl-2022-08-31-17-12-29", "status": "succeeded", "_wandb": {"runtime": 13}}