{"elapsed_tokens": 31378.0, "elapsed_examples": 402.0, "training_loss": 0.0830569551875062, "training_sequence_accuracy": 0.0, "training_token_accuracy": 0.6666666666666666, "validation_loss": 0.085401408415286, "validation_sequence_accuracy": 0.0, "validation_token_accuracy": 0.6666666666666666, "_timestamp": 1661243989.739321, "_runtime": 3.2981019020080566, "_step": 402, "fine_tuned_model": "ada:ft-personal-2022-08-23-08-39-38", "status": "succeeded", "_wandb": {"runtime": 25}}