{"elapsed_tokens": 357764.0, "elapsed_examples": 4004.0, "training_loss": 0.0903004625133864, "training_sequence_accuracy": 0.0, "training_token_accuracy": 0.8333333333333334, "validation_loss": 0.0899958499966039, "validation_sequence_accuracy": 0.0, "validation_token_accuracy": 0.75, "_timestamp": 1661327874.3793721, "_runtime": 4.010862112045288, "_step": 2002, "fine_tuned_model": "ada:ft-personal-2022-08-24-07-57-38", "status": "succeeded", "_wandb": {"runtime": 26}}