{"elapsed_tokens": 7778.0, "elapsed_examples": 242.0, "training_loss": 0.01786400341983, "training_sequence_accuracy": 1.0, "training_token_accuracy": 1.0, "validation_loss": 0.1773008701879007, "validation_sequence_accuracy": 0.0, "validation_token_accuracy": 0.6666666666666666, "_timestamp": 1662019242.2026298, "_runtime": 3.4549338817596436, "_step": 242, "fine_tuned_model": "ada:ft-lsmoepfl-2022-09-01-08-00-29", "status": "succeeded", "_wandb": {"runtime": 31}}