{"elapsed_tokens": 357924.0, "elapsed_examples": 4004.0, "training_loss": 0.0597825483292393, "training_sequence_accuracy": 1.0, "training_token_accuracy": 1.0, "validation_loss": 0.0596805561730846, "validation_sequence_accuracy": 0.5, "validation_token_accuracy": 0.8333333333333334, "_timestamp": 1661247047.580569, "_runtime": 3.595176935195923, "_step": 2002, "fine_tuned_model": "ada:ft-personal-2022-08-23-09-30-34", "status": "succeeded", "_wandb": {"runtime": 26}}