{"elapsed_tokens": 32769.0, "elapsed_examples": 401.0, "training_loss": 0.1116343802726214, "training_sequence_accuracy": 0.0, "training_token_accuracy": 0.8333333333333334, "validation_loss": 0.1125249239320131, "validation_sequence_accuracy": 0.0, "validation_token_accuracy": 0.6666666666666666, "_timestamp": 1661326412.706743, "_runtime": 3.455044984817505, "_step": 401, "fine_tuned_model": "ada:ft-personal-2022-08-24-07-33-18", "status": "succeeded", "_wandb": {"runtime": 24}}