{"elapsed_tokens": 32225.0, "elapsed_examples": 401.0, "training_loss": 0.0813470680841413, "training_sequence_accuracy": 0.0, "training_token_accuracy": 0.6666666666666666, "validation_loss": 0.0850785750936785, "validation_sequence_accuracy": 0.0, "validation_token_accuracy": 0.6666666666666666, "_timestamp": 1661228655.250345, "_runtime": 3.3507349491119385, "_step": 401, "fine_tuned_model": "ada:ft-personal-2022-08-23-04-24-02", "status": "succeeded", "_wandb": {"runtime": 25}}