{"elapsed_tokens": 62049.0, "elapsed_examples": 601.0, "training_loss": 0.032122062997627, "training_sequence_accuracy": 0.0, "training_token_accuracy": 0.6666666666666666, "validation_loss": 0.0388164748243163, "validation_sequence_accuracy": 0.0, "validation_token_accuracy": 0.6666666666666666, "_timestamp": 1661965092.646802, "_runtime": 3.511420965194702, "_step": 601, "fine_tuned_model": "ada:ft-lsmoepfl-2022-08-31-16-57-57", "status": "succeeded", "_wandb": {"runtime": 16}}