{"elapsed_tokens": 728676.0, "elapsed_examples": 8004.0, "training_loss": 0.061474841271031, "training_sequence_accuracy": 0.75, "training_token_accuracy": 0.9166666666666666, "validation_loss": 0.0611603271744554, "validation_sequence_accuracy": 0.5, "validation_token_accuracy": 0.8333333333333334, "_timestamp": 1660968237.8217869, "_runtime": 2.240832805633545, "_step": 2001, "fine_tuned_model": "ada:ft-lsmoepfl-2022-08-20-04-03-49", "status": "succeeded", "_wandb": {"runtime": 8}}