{"elapsed_tokens": 4454.0, "elapsed_examples": 142.0, "training_loss": 0.0211743082332191, "training_sequence_accuracy": 1.0, "training_token_accuracy": 1.0, "validation_loss": 0.0951301514845727, "validation_sequence_accuracy": 0.0, "validation_token_accuracy": 0.6666666666666666, "_timestamp": 1661965851.615329, "_runtime": 3.02349591255188, "_step": 142, "fine_tuned_model": "ada:ft-lsmoepfl-2022-08-31-17-10-39", "status": "succeeded", "_wandb": {"runtime": 11}}