{"elapsed_tokens": 5038.0, "elapsed_examples": 102.0, "training_loss": 0.1396157834537526, "training_sequence_accuracy": 1.0, "training_token_accuracy": 1.0, "validation_loss": 0.0826377356865123, "validation_sequence_accuracy": 0.0, "validation_token_accuracy": 0.6666666666666666, "_timestamp": 1661963138.044999, "_runtime": 3.5859158039093018, "_step": 102, "fine_tuned_model": "ada:ft-lsmoepfl-2022-08-31-16-25-20", "status": "succeeded", "_wandb": {"runtime": 24}}