{"elapsed_tokens": 725636.0, "elapsed_examples": 8004.0, "training_loss": 0.0626375146575295, "training_sequence_accuracy": 0.75, "training_token_accuracy": 0.9166666666666666, "validation_loss": 0.055927530720796, "validation_sequence_accuracy": 1.0, "validation_token_accuracy": 1.0, "_timestamp": 1661225051.3745751, "_runtime": 3.8634841442108154, "_step": 2001, "fine_tuned_model": "ada:ft-personal-2022-08-23-03-23-58", "status": "succeeded", "_wandb": {"runtime": 25}}