{"elapsed_tokens": 2310.0, "elapsed_examples": 22.0, "training_loss": 0.11748489709581, "training_sequence_accuracy": 1.0, "training_token_accuracy": 1.0, "validation_loss": 0.167425061023196, "validation_sequence_accuracy": 0.0, "validation_token_accuracy": 0.6666666666666666, "_timestamp": 1661985431.3579361, "_runtime": 2.8096861839294434, "_step": 22, "fine_tuned_model": "ada:ft-lsmoepfl-2022-08-31-22-36-58", "status": "succeeded", "_wandb": {"runtime": 12}}