{"elapsed_tokens": 35190.0, "elapsed_examples": 702.0, "training_loss": 0.0581010959020046, "training_sequence_accuracy": 0.0, "training_token_accuracy": 0.6666666666666666, "validation_loss": 0.0329138310688702, "validation_sequence_accuracy": 1.0, "validation_token_accuracy": 1.0, "_timestamp": 1661985321.888366, "_runtime": 2.9822819232940674, "_step": 702, "fine_tuned_model": "ada:ft-lsmoepfl-2022-08-31-22-35-08", "status": "succeeded", "_wandb": {"runtime": 12}}