{"elapsed_tokens": 20330.0, "elapsed_examples": 402.0, "training_loss": 0.0516578501241747, "training_sequence_accuracy": 1.0, "training_token_accuracy": 1.0, "validation_loss": 0.0697169672853124, "validation_sequence_accuracy": 0.0, "validation_token_accuracy": 0.6666666666666666, "_timestamp": 1661966760.3886058, "_runtime": 4.425432920455933, "_step": 402, "fine_tuned_model": "ada:ft-lsmoepfl-2022-08-31-17-25-38", "status": "succeeded", "_wandb": {"runtime": 18}}