{"elapsed_tokens": 184842.0, "elapsed_examples": 1802.0, "training_loss": 0.0069658002242295, "training_sequence_accuracy": 1.0, "training_token_accuracy": 1.0, "validation_loss": 0.0448626678600529, "validation_sequence_accuracy": 0.0, "validation_token_accuracy": 0.6666666666666666, "_timestamp": 1662018543.267276, "_runtime": 3.9631540775299072, "_step": 1802, "fine_tuned_model": "ada:ft-lsmoepfl-2022-09-01-07-48-47", "status": "succeeded", "_wandb": {"runtime": 12}}