{"elapsed_tokens": 759240.0, "elapsed_examples": 8008.0, "training_loss": 0.0446617800794868, "training_sequence_accuracy": 1.0, "training_token_accuracy": 1.0, "validation_loss": 0.0564100767541783, "validation_sequence_accuracy": 0.75, "validation_token_accuracy": 0.9166666666666666, "_timestamp": 1661241038.549185, "_runtime": 3.769869089126587, "_step": 2002, "fine_tuned_model": "ada:ft-personal-2022-08-23-07-50-24", "status": "succeeded", "_wandb": {"runtime": 26}}