{"elapsed_tokens": 16665.0, "elapsed_examples": 201.0, "training_loss": 0.1217416010609667, "training_sequence_accuracy": 0.0, "training_token_accuracy": 0.6666666666666666, "validation_loss": 0.1361750505414916, "validation_sequence_accuracy": 0.0, "validation_token_accuracy": 0.6666666666666666, "_timestamp": 1661306948.066751, "_runtime": 4.194552898406982, "_step": 201, "fine_tuned_model": "ada:ft-personal-2022-08-24-02-08-52", "status": "succeeded", "_wandb": {"runtime": 29}}