{"elapsed_tokens": 3169.0, "elapsed_examples": 41.0, "training_loss": 0.0822968595421116, "training_sequence_accuracy": 0.0, "training_token_accuracy": 0.6666666666666666, "validation_loss": 0.1065005893896644, "validation_sequence_accuracy": 0.0, "validation_token_accuracy": 0.6666666666666666, "_timestamp": 1660937452.01239, "_runtime": 3.4912359714508057, "_step": 41, "fine_tuned_model": "ada:ft-lsmoepfl-2022-08-19-19-30-42", "status": "succeeded", "_wandb": {"runtime": 9}}