{"elapsed_tokens": 15617.0, "elapsed_examples": 201.0, "training_loss": 0.0822280551351799, "training_sequence_accuracy": 0.0, "training_token_accuracy": 0.6666666666666666, "validation_loss": 0.0797588094534467, "validation_sequence_accuracy": 0.0, "validation_token_accuracy": 0.6666666666666666, "_timestamp": 1661251346.2031841, "_runtime": 3.476823091506958, "_step": 201, "fine_tuned_model": "ada:ft-personal-2022-08-23-10-42-14", "status": "succeeded", "_wandb": {"runtime": 24}}