{"elapsed_tokens": 166106.0, "elapsed_examples": 2002.0, "training_loss": 0.1009752151723882, "training_sequence_accuracy": 0.0, "training_token_accuracy": 0.8333333333333334, "validation_loss": 0.1003347916215901, "validation_sequence_accuracy": 0.0, "validation_token_accuracy": 0.6666666666666666, "_timestamp": 1661303841.1637812, "_runtime": 5.789105176925659, "_step": 2002, "fine_tuned_model": "ada:ft-personal-2022-08-24-01-17-02", "status": "succeeded", "_wandb": {"runtime": 29}}