{"elapsed_tokens": 5002.0, "elapsed_examples": 42.0, "training_loss": 0.0793366452466005, "training_sequence_accuracy": 0.0, "training_token_accuracy": 0.6666666666666666, "validation_loss": 0.0947191382239232, "validation_sequence_accuracy": 0.0, "validation_token_accuracy": 0.6666666666666666, "_timestamp": 1661959090.19346, "_runtime": 3.4972259998321533, "_step": 42, "fine_tuned_model": "ada:ft-lsmoepfl-2022-08-31-15-17-32", "status": "succeeded", "_wandb": {"runtime": 13}}