{"elapsed_tokens": 33298.0, "elapsed_examples": 402.0, "training_loss": 0.118948333299265, "training_sequence_accuracy": 0.0, "training_token_accuracy": 0.6666666666666666, "validation_loss": 0.1179079723743647, "validation_sequence_accuracy": 0.0, "validation_token_accuracy": 0.8333333333333334, "_timestamp": 1661303161.635307, "_runtime": 3.294696092605591, "_step": 402, "fine_tuned_model": "ada:ft-personal-2022-08-24-01-05-40", "status": "succeeded", "_wandb": {"runtime": 43}}