{"elapsed_tokens": 3585.0, "elapsed_examples": 41.0, "training_loss": 0.0978906184307892, "training_sequence_accuracy": 0.0, "training_token_accuracy": 0.8333333333333334, "validation_loss": 0.1940637856809189, "validation_sequence_accuracy": 0.0, "validation_token_accuracy": 0.6666666666666666, "_timestamp": 1661302845.571459, "_runtime": 3.671194076538086, "_step": 41, "fine_tuned_model": "ada:ft-personal-2022-08-24-01-00-31", "status": "succeeded", "_wandb": {"runtime": 23}}