{"elapsed_tokens": 2529.0, "elapsed_examples": 81.0, "training_loss": 0.0864433577961335, "training_sequence_accuracy": 0.0, "training_token_accuracy": 0.6666666666666666, "validation_loss": 0.0679103536009643, "validation_sequence_accuracy": 0.0, "validation_token_accuracy": 0.6666666666666666, "_timestamp": 1661968735.473323, "_runtime": 2.8772192001342773, "_step": 81, "fine_tuned_model": "ada:ft-lsmoepfl-2022-08-31-17-58-40", "status": "succeeded", "_wandb": {"runtime": 11}}