{"elapsed_tokens": 3497.0, "elapsed_examples": 41.0, "training_loss": 0.1287766954161876, "training_sequence_accuracy": 0.0, "training_token_accuracy": 0.6666666666666666, "validation_loss": 0.1253155517755658, "validation_sequence_accuracy": 0.0, "validation_token_accuracy": 0.6666666666666666, "_timestamp": 1661333885.343977, "_runtime": 3.6626200675964355, "_step": 41, "fine_tuned_model": "ada:ft-personal-2022-08-24-09-37-49", "status": "succeeded", "_wandb": {"runtime": 24}}