{"elapsed_tokens": 29869.0, "elapsed_examples": 301.0, "training_loss": 0.0271134658235842, "training_sequence_accuracy": 0.0, "training_token_accuracy": 0.6666666666666666, "validation_loss": 0.1926035930731176, "validation_sequence_accuracy": 0.0, "validation_token_accuracy": 0.6666666666666666, "_timestamp": 1662017496.4097972, "_runtime": 6.061670303344727, "_step": 301, "fine_tuned_model": "ada:ft-lsmoepfl-2022-09-01-07-30-36", "status": "succeeded", "_wandb": {"runtime": 22}}