{"elapsed_tokens": 10622.0, "elapsed_examples": 102.0, "training_loss": 0.0663501701135146, "training_sequence_accuracy": 0.0, "training_token_accuracy": 0.6666666666666666, "validation_loss": 0.0862453225744502, "validation_sequence_accuracy": 1.0, "validation_token_accuracy": 1.0, "_timestamp": 1661985654.550239, "_runtime": 3.1940460205078125, "_step": 102, "fine_tuned_model": "ada:ft-lsmoepfl-2022-08-31-22-40-34", "status": "succeeded", "_wandb": {"runtime": 12}}