{"elapsed_tokens": 3185.0, "elapsed_examples": 41.0, "training_loss": 0.0798790937752023, "training_sequence_accuracy": 1.0, "training_token_accuracy": 1.0, "validation_loss": 0.0946364693924099, "validation_sequence_accuracy": 0.0, "validation_token_accuracy": 0.6666666666666666, "_timestamp": 1660938450.7415402, "_runtime": 2.742131233215332, "_step": 41, "fine_tuned_model": "ada:ft-lsmoepfl-2022-08-19-19-47-21", "status": "succeeded", "_wandb": {"runtime": 7}}