{"elapsed_tokens": 758632.0, "elapsed_examples": 8008.0, "training_loss": 0.0818488472990346, "training_sequence_accuracy": 0.25, "training_token_accuracy": 0.875, "validation_loss": 0.0835675225847275, "validation_sequence_accuracy": 0.5, "validation_token_accuracy": 0.9166666666666666, "_timestamp": 1661336502.7410922, "_runtime": 3.9081382751464844, "_step": 2002, "fine_tuned_model": "ada:ft-personal-2022-08-24-10-21-27", "status": "succeeded", "_wandb": {"runtime": 26}}