{"elapsed_tokens": 9713.0, "elapsed_examples": 201.0, "training_loss": 0.0738924688912953, "training_sequence_accuracy": 0.0, "training_token_accuracy": 0.6666666666666666, "validation_loss": 0.1355404374210411, "validation_sequence_accuracy": 0.0, "validation_token_accuracy": 0.6666666666666666, "_timestamp": 1661984639.1637151, "_runtime": 3.8463361263275146, "_step": 201, "fine_tuned_model": "ada:ft-lsmoepfl-2022-08-31-22-23-40", "status": "succeeded", "_wandb": {"runtime": 12}}