{"elapsed_tokens": 4349.0, "elapsed_examples": 141.0, "training_loss": 0.082361630146488, "training_sequence_accuracy": 0.0, "training_token_accuracy": 0.6666666666666666, "validation_loss": 0.0873993707831383, "validation_sequence_accuracy": 0.0, "validation_token_accuracy": 0.6666666666666666, "_timestamp": 1661983508.755092, "_runtime": 8.016435861587524, "_step": 141, "fine_tuned_model": "ada:ft-lsmoepfl-2022-08-31-22-04-51", "status": "succeeded", "_wandb": {"runtime": 12}}