{"elapsed_tokens": 16378.0, "elapsed_examples": 202.0, "training_loss": 0.0803527222167262, "training_sequence_accuracy": 0.0, "training_token_accuracy": 0.6666666666666666, "validation_loss": 0.0835276321808206, "validation_sequence_accuracy": 0.0, "validation_token_accuracy": 0.6666666666666666, "_timestamp": 1661611563.531434, "_runtime": 2.7731499671936035, "_step": 202, "fine_tuned_model": "davinci:ft-lsmoepfl-2022-08-27-14-45-52", "status": "succeeded", "_wandb": {"runtime": 20}}