{"elapsed_tokens": 724516.0, "elapsed_examples": 8004.0, "training_loss": 0.058888936606984, "training_sequence_accuracy": 0.5, "training_token_accuracy": 0.8333333333333334, "validation_loss": 0.063383038183678, "validation_sequence_accuracy": 0.75, "validation_token_accuracy": 0.9166666666666666, "_timestamp": 1661197342.55926, "_runtime": 4.393812894821167, "_step": 2001, "fine_tuned_model": "ada:ft-personal-2022-08-22-19-42-11", "status": "succeeded", "_wandb": {"runtime": 19}}