{"elapsed_tokens": 3169.0, "elapsed_examples": 41.0, "training_loss": 0.0742690986120248, "training_sequence_accuracy": 1.0, "training_token_accuracy": 1.0, "validation_loss": 0.0905436187014856, "validation_sequence_accuracy": 0.0, "validation_token_accuracy": 0.6666666666666666, "_timestamp": 1661192074.8691058, "_runtime": 2.604198932647705, "_step": 41, "fine_tuned_model": "ada:ft-personal-2022-08-22-18-14-27", "status": "succeeded", "_wandb": {"runtime": 11}}