{"elapsed_tokens": 32066.0, "elapsed_examples": 314.0, "training_loss": 0.0361471216923247, "training_sequence_accuracy": 1.0, "training_token_accuracy": 1.0, "validation_loss": 0.0453060400823847, "validation_sequence_accuracy": 0.0, "validation_token_accuracy": 0.6666666666666666, "_timestamp": 1661952420.5707781, "_runtime": 3.8955812454223633, "_step": 314, "fine_tuned_model": "ada:ft-lsmoepfl-2022-08-31-13-26-47", "status": "succeeded", "_wandb": {"runtime": 12}}