{"elapsed_tokens": 33209.0, "elapsed_examples": 401.0, "training_loss": 0.1165012378680575, "training_sequence_accuracy": 0.0, "training_token_accuracy": 0.6666666666666666, "validation_loss": 0.1250867710799095, "validation_sequence_accuracy": 0.0, "validation_token_accuracy": 0.6666666666666666, "_timestamp": 1661307133.589504, "_runtime": 3.6804280281066895, "_step": 401, "fine_tuned_model": "ada:ft-personal-2022-08-24-02-11-58", "status": "succeeded", "_wandb": {"runtime": 30}}