{"elapsed_tokens": 357602.0, "elapsed_examples": 4002.0, "training_loss": 0.0571634636241766, "training_sequence_accuracy": 1.0, "training_token_accuracy": 1.0, "validation_loss": 0.0593938143354609, "validation_sequence_accuracy": 0.5, "validation_token_accuracy": 0.8333333333333334, "_timestamp": 1661262773.9184608, "_runtime": 4.884098768234253, "_step": 2001, "fine_tuned_model": "ada:ft-personal-2022-08-23-13-52-35", "status": "succeeded", "_wandb": {"runtime": 42}}