{"elapsed_tokens": 16410.0, "elapsed_examples": 202.0, "training_loss": 0.1194003268306336, "training_sequence_accuracy": 0.0, "training_token_accuracy": 0.8333333333333334, "validation_loss": 0.1253459169485924, "validation_sequence_accuracy": 0.0, "validation_token_accuracy": 0.6666666666666666, "_timestamp": 1661292838.402739, "_runtime": 3.5270769596099854, "_step": 202, "fine_tuned_model": "ada:ft-personal-2022-08-23-22-13-44", "status": "succeeded", "_wandb": {"runtime": 26}}