{"elapsed_tokens": 754504.0, "elapsed_examples": 8008.0, "training_loss": 0.0507200182120961, "training_sequence_accuracy": 1.0, "training_token_accuracy": 1.0, "validation_loss": 0.0510849930003489, "validation_sequence_accuracy": 0.75, "validation_token_accuracy": 0.9166666666666666, "_timestamp": 1661264262.4654038, "_runtime": 5.414815902709961, "_step": 2002, "fine_tuned_model": "ada:ft-personal-2022-08-23-14-17-22", "status": "succeeded", "_wandb": {"runtime": 65}}