{"elapsed_tokens": 15514.0, "elapsed_examples": 202.0, "training_loss": 0.0842081065204183, "training_sequence_accuracy": 0.0, "training_token_accuracy": 0.6666666666666666, "validation_loss": 0.0779849323192787, "validation_sequence_accuracy": 1.0, "validation_token_accuracy": 1.0, "_timestamp": 1661235980.048091, "_runtime": 3.03322696685791, "_step": 202, "fine_tuned_model": "ada:ft-personal-2022-08-23-06-26-08", "status": "succeeded", "_wandb": {"runtime": 24}}