{"elapsed_tokens": 358372.0, "elapsed_examples": 4004.0, "training_loss": 0.0991630623557164, "training_sequence_accuracy": 0.0, "training_token_accuracy": 0.6666666666666666, "validation_loss": 0.0940085358087489, "validation_sequence_accuracy": 0.0, "validation_token_accuracy": 0.6666666666666666, "_timestamp": 1661331785.77599, "_runtime": 4.045547008514404, "_step": 2002, "fine_tuned_model": "ada:ft-personal-2022-08-24-09-02-18", "status": "succeeded", "_wandb": {"runtime": 26}}