{"elapsed_tokens": 33121.0, "elapsed_examples": 401.0, "training_loss": 0.1172187435244404, "training_sequence_accuracy": 0.0, "training_token_accuracy": 0.6666666666666666, "validation_loss": 0.1064309675767989, "validation_sequence_accuracy": 0.0, "validation_token_accuracy": 0.8333333333333334, "_timestamp": 1661322545.009988, "_runtime": 4.305227041244507, "_step": 401, "fine_tuned_model": "ada:ft-personal-2022-08-24-06-28-50", "status": "succeeded", "_wandb": {"runtime": 25}}