{"elapsed_tokens": 33642.0, "elapsed_examples": 402.0, "training_loss": 0.0770217355199507, "training_sequence_accuracy": 0.0, "training_token_accuracy": 0.6666666666666666, "validation_loss": 0.077285974189715, "validation_sequence_accuracy": 0.0, "validation_token_accuracy": 0.6666666666666666, "_timestamp": 1660939714.080283, "_runtime": 2.3687000274658203, "_step": 402, "fine_tuned_model": "ada:ft-lsmoepfl-2022-08-19-20-08-26", "status": "succeeded", "_wandb": {"runtime": 7}}