{"elapsed_tokens": 17250.0, "elapsed_examples": 202.0, "training_loss": 0.0642681469092937, "training_sequence_accuracy": 1.0, "training_token_accuracy": 1.0, "validation_loss": 0.0793009172419374, "validation_sequence_accuracy": 0.0, "validation_token_accuracy": 0.6666666666666666, "_timestamp": 1660942555.1568031, "_runtime": 3.376394033432007, "_step": 202, "fine_tuned_model": "ada:ft-lsmoepfl-2022-08-19-20-55-45", "status": "succeeded", "_wandb": {"runtime": 10}}