{"elapsed_tokens": 3073.0, "elapsed_examples": 41.0, "training_loss": 0.0981802492383311, "training_sequence_accuracy": 1.0, "training_token_accuracy": 1.0, "validation_loss": 0.130930172536052, "validation_sequence_accuracy": 0.0, "validation_token_accuracy": 0.6666666666666666, "_timestamp": 1660971133.353154, "_runtime": 2.877156972885132, "_step": 41, "fine_tuned_model": "davinci:ft-lsmoepfl-2022-08-20-04-52-03", "status": "succeeded", "_wandb": {"runtime": 9}}