{"elapsed_tokens": 66241.0, "elapsed_examples": 801.0, "training_loss": 0.0969822515370697, "training_sequence_accuracy": 0.0, "training_token_accuracy": 0.8333333333333334, "validation_loss": 0.0934774224419783, "validation_sequence_accuracy": 0.0, "validation_token_accuracy": 0.8333333333333334, "_timestamp": 1661315094.859263, "_runtime": 3.8827719688415527, "_step": 801, "fine_tuned_model": "ada:ft-personal-2022-08-24-04-24-39", "status": "succeeded", "_wandb": {"runtime": 25}}