{"elapsed_tokens": 757540.0, "elapsed_examples": 8004.0, "training_loss": 0.0880073994017085, "training_sequence_accuracy": 0.0, "training_token_accuracy": 0.7916666666666666, "validation_loss": 0.0969664979147411, "validation_sequence_accuracy": 0.0, "validation_token_accuracy": 0.75, "_timestamp": 1661328716.197227, "_runtime": 3.891240119934082, "_step": 2001, "fine_tuned_model": "ada:ft-personal-2022-08-24-08-11-40", "status": "succeeded", "_wandb": {"runtime": 27}}