{"elapsed_tokens": 3465.0, "elapsed_examples": 41.0, "training_loss": 0.0976800589678835, "training_sequence_accuracy": 1.0, "training_token_accuracy": 1.0, "validation_loss": 0.1131819262704448, "validation_sequence_accuracy": 0.0, "validation_token_accuracy": 0.6666666666666666, "_timestamp": 1661611229.748095, "_runtime": 3.079113006591797, "_step": 41, "fine_tuned_model": "davinci:ft-lsmoepfl-2022-08-27-14-40-18", "status": "succeeded", "_wandb": {"runtime": 20}}