{"elapsed_tokens": 3217.0, "elapsed_examples": 41.0, "training_loss": 0.0891497507634295, "training_sequence_accuracy": 0.0, "training_token_accuracy": 0.6666666666666666, "validation_loss": 0.116573932006213, "validation_sequence_accuracy": 0.0, "validation_token_accuracy": 0.6666666666666666, "_timestamp": 1660939084.525015, "_runtime": 3.7117130756378174, "_step": 41, "fine_tuned_model": "ada:ft-lsmoepfl-2022-08-19-19-57-25", "status": "succeeded", "_wandb": {"runtime": 10}}