{"elapsed_tokens": 3257.0, "elapsed_examples": 41.0, "training_loss": 0.0685516420746717, "training_sequence_accuracy": 1.0, "training_token_accuracy": 1.0, "validation_loss": 0.0847696023205152, "validation_sequence_accuracy": 0.0, "validation_token_accuracy": 0.6666666666666666, "_timestamp": 1660940030.712897, "_runtime": 2.821287155151367, "_step": 41, "fine_tuned_model": "ada:ft-lsmoepfl-2022-08-19-20-13-42", "status": "succeeded", "_wandb": {"runtime": 8}}