{"elapsed_tokens": 2190.0, "elapsed_examples": 22.0, "training_loss": 0.1224421357852651, "training_sequence_accuracy": 0.0, "training_token_accuracy": 0.6666666666666666, "validation_loss": 0.1373553509919767, "validation_sequence_accuracy": 0.0, "validation_token_accuracy": 0.6666666666666666, "_timestamp": 1661964188.532087, "_runtime": 2.7253530025482178, "_step": 22, "fine_tuned_model": "ada:ft-lsmoepfl-2022-08-31-16-42-52", "status": "succeeded", "_wandb": {"runtime": 12}}