{"elapsed_tokens": 16817.0, "elapsed_examples": 201.0, "training_loss": 0.1073210652929863, "training_sequence_accuracy": 0.0, "training_token_accuracy": 0.8333333333333334, "validation_loss": 0.1196035441999129, "validation_sequence_accuracy": 0.0, "validation_token_accuracy": 0.6666666666666666, "_timestamp": 1661318532.5001621, "_runtime": 3.7749581336975098, "_step": 201, "fine_tuned_model": "ada:ft-personal-2022-08-24-05-21-58", "status": "succeeded", "_wandb": {"runtime": 25}}