{"elapsed_tokens": 63706.0, "elapsed_examples": 802.0, "training_loss": 0.07035332922192, "training_sequence_accuracy": 0.0, "training_token_accuracy": 0.6666666666666666, "validation_loss": 0.0770424455192193, "validation_sequence_accuracy": 0.0, "validation_token_accuracy": 0.6666666666666666, "_timestamp": 1661221512.841967, "_runtime": 3.3418831825256348, "_step": 802, "fine_tuned_model": "ada:ft-personal-2022-08-23-02-25-00", "status": "succeeded", "_wandb": {"runtime": 26}}