{"elapsed_tokens": 5406.0, "elapsed_examples": 102.0, "training_loss": 0.0905090292643581, "training_sequence_accuracy": 0.0, "training_token_accuracy": 0.6666666666666666, "validation_loss": 0.0929023207812254, "validation_sequence_accuracy": 0.0, "validation_token_accuracy": 0.6666666666666666, "_timestamp": 1661977382.0779421, "_runtime": 3.11850905418396, "_step": 102, "fine_tuned_model": "ada:ft-lsmoepfl-2022-08-31-20-22-49", "status": "succeeded", "_wandb": {"runtime": 12}}