{"elapsed_tokens": 16202.0, "elapsed_examples": 202.0, "training_loss": 0.0672675059097097, "training_sequence_accuracy": 1.0, "training_token_accuracy": 1.0, "validation_loss": 0.0802727974737176, "validation_sequence_accuracy": 0.0, "validation_token_accuracy": 0.6666666666666666, "_timestamp": 1661211337.0238101, "_runtime": 7.1180291175842285, "_step": 202, "fine_tuned_model": "ada:ft-personal-2022-08-22-23-35-13", "status": "succeeded", "_wandb": {"runtime": 25}}