{"elapsed_tokens": 3362.0, "elapsed_examples": 42.0, "training_loss": 0.0757379849721804, "training_sequence_accuracy": 1.0, "training_token_accuracy": 1.0, "validation_loss": 0.0866106534445457, "validation_sequence_accuracy": 0.0, "validation_token_accuracy": 0.6666666666666666, "_timestamp": 1660936508.389914, "_runtime": 4.154325008392334, "_step": 42, "fine_tuned_model": "ada:ft-lsmoepfl-2022-08-19-19-14-57", "status": "succeeded", "_wandb": {"runtime": 15}}