{"elapsed_tokens": 166825.0, "elapsed_examples": 2001.0, "training_loss": 0.0850351566348482, "training_sequence_accuracy": 0.0, "training_token_accuracy": 0.8333333333333334, "validation_loss": 0.1007674698696933, "validation_sequence_accuracy": 0.0, "validation_token_accuracy": 0.8333333333333334, "_timestamp": 1661323191.684466, "_runtime": 3.7363758087158203, "_step": 2001, "fine_tuned_model": "ada:ft-personal-2022-08-24-06-39-36", "status": "succeeded", "_wandb": {"runtime": 25}}