{"elapsed_tokens": 358532.0, "elapsed_examples": 4004.0, "training_loss": 0.0871265003266415, "training_sequence_accuracy": 0.0, "training_token_accuracy": 0.8333333333333334, "validation_loss": 0.0881782309991856, "validation_sequence_accuracy": 0.0, "validation_token_accuracy": 0.75, "_timestamp": 1661312460.0900679, "_runtime": 4.345210790634155, "_step": 2002, "fine_tuned_model": "ada:ft-personal-2022-08-24-03-40-43", "status": "succeeded", "_wandb": {"runtime": 26}}