{"elapsed_tokens": 15802.0, "elapsed_examples": 202.0, "training_loss": 0.0764207221166998, "training_sequence_accuracy": 0.0, "training_token_accuracy": 0.6666666666666666, "validation_loss": 0.0766987633763743, "validation_sequence_accuracy": 0.0, "validation_token_accuracy": 0.6666666666666666, "_timestamp": 1660940239.933661, "_runtime": 2.256727933883667, "_step": 202, "fine_tuned_model": "ada:ft-lsmoepfl-2022-08-19-20-17-11", "status": "succeeded", "_wandb": {"runtime": 8}}