{"elapsed_tokens": 17057.0, "elapsed_examples": 201.0, "training_loss": 0.0772018135286667, "training_sequence_accuracy": 0.0, "training_token_accuracy": 0.6666666666666666, "validation_loss": 0.0842739107541365, "validation_sequence_accuracy": 0.0, "validation_token_accuracy": 0.6666666666666666, "_timestamp": 1660940376.719452, "_runtime": 2.7609219551086426, "_step": 201, "fine_tuned_model": "ada:ft-lsmoepfl-2022-08-19-20-19-28", "status": "succeeded", "_wandb": {"runtime": 9}}