{"elapsed_tokens": 760392.0, "elapsed_examples": 8008.0, "training_loss": 0.0812001131899049, "training_sequence_accuracy": 0.0, "training_token_accuracy": 0.7916666666666666, "validation_loss": 0.0695876023730744, "validation_sequence_accuracy": 0.0, "validation_token_accuracy": 0.7916666666666666, "_timestamp": 1661317146.550185, "_runtime": 4.037698984146118, "_step": 2002, "fine_tuned_model": "ada:ft-personal-2022-08-24-04-58-51", "status": "succeeded", "_wandb": {"runtime": 27}}