{"elapsed_tokens": 753284.0, "elapsed_examples": 8004.0, "training_loss": 0.0848930782937958, "training_sequence_accuracy": 0.25, "training_token_accuracy": 0.8333333333333334, "validation_loss": 0.0885685992018607, "validation_sequence_accuracy": 0.0, "validation_token_accuracy": 0.75, "_timestamp": 1661320984.0373251, "_runtime": 3.9311001300811768, "_step": 2001, "fine_tuned_model": "ada:ft-personal-2022-08-24-06-02-48", "status": "succeeded", "_wandb": {"runtime": 26}}