{"elapsed_tokens": 62481.0, "elapsed_examples": 801.0, "training_loss": 0.0757801776628187, "training_sequence_accuracy": 0.0, "training_token_accuracy": 0.6666666666666666, "validation_loss": 0.0744587741592031, "validation_sequence_accuracy": 0.0, "validation_token_accuracy": 0.6666666666666666, "_timestamp": 1660958066.12894, "_runtime": 3.0960872173309326, "_step": 801, "fine_tuned_model": "davinci:ft-lsmoepfl-2022-08-20-01-14-16", "status": "succeeded", "_wandb": {"runtime": 8}}