{"elapsed_tokens": 16986.0, "elapsed_examples": 202.0, "training_loss": 0.0708662004103706, "training_sequence_accuracy": 0.0, "training_token_accuracy": 0.6666666666666666, "validation_loss": 0.0783222559545976, "validation_sequence_accuracy": 0.0, "validation_token_accuracy": 0.6666666666666666, "_timestamp": 1661259280.1564329, "_runtime": 3.485968828201294, "_step": 202, "fine_tuned_model": "ada:ft-personal-2022-08-23-12-54-26", "status": "succeeded", "_wandb": {"runtime": 26}}