{"elapsed_tokens": 3497.0, "elapsed_examples": 41.0, "training_loss": 0.0838783196197861, "training_sequence_accuracy": 0.0, "training_token_accuracy": 0.6666666666666666, "validation_loss": 0.0871453891664714, "validation_sequence_accuracy": 1.0, "validation_token_accuracy": 1.0, "_timestamp": 1660911883.8749719, "_runtime": 1.703800916671753, "_step": 41, "fine_tuned_model": "ada:ft-lsmoepfl-2022-08-19-12-24-38", "status": "succeeded", "_wandb": {"runtime": 6}}