{"elapsed_tokens": 91029.0, "elapsed_examples": 1405.0, "training_loss": 0.3848847781664889, "training_sequence_accuracy": 0.0, "training_token_accuracy": 0.8088235294117647, "validation_loss": 0.2774981058558166, "validation_sequence_accuracy": 0.0, "validation_token_accuracy": 0.868421052631579, "_timestamp": 1662134373.554034, "_runtime": 9.710690975189209, "_step": 1405, "fine_tuned_model": "ada:ft-lsmoepfl-2022-09-02-15-58-19", "_wandb": {"runtime": 657}}