{"elapsed_tokens": 61809.0, "elapsed_examples": 601.0, "training_loss": 0.0099954700389741, "training_sequence_accuracy": 1.0, "training_token_accuracy": 1.0, "validation_loss": 0.0330263722693145, "validation_sequence_accuracy": 0.0, "validation_token_accuracy": 0.6666666666666666, "_timestamp": 1661968283.720737, "_runtime": 2.8896210193634033, "_step": 601, "fine_tuned_model": "ada:ft-lsmoepfl-2022-08-31-17-51-09", "status": "succeeded", "_wandb": {"runtime": 11}}