{"elapsed_tokens": 3473.0, "elapsed_examples": 41.0, "training_loss": 0.093121731716787, "training_sequence_accuracy": 0.0, "training_token_accuracy": 0.6666666666666666, "validation_loss": 0.1066443170647188, "validation_sequence_accuracy": 0.0, "validation_token_accuracy": 0.6666666666666666, "_timestamp": 1661192173.152471, "_runtime": 2.2363741397857666, "_step": 41, "fine_tuned_model": "ada:ft-personal-2022-08-22-18-16-05", "status": "succeeded", "_wandb": {"runtime": 9}}