{"elapsed_tokens": 3065.0, "elapsed_examples": 41.0, "training_loss": 0.0774554578556126, "training_sequence_accuracy": 0.0, "training_token_accuracy": 0.6666666666666666, "validation_loss": 0.0942209228048159, "validation_sequence_accuracy": 0.0, "validation_token_accuracy": 0.6666666666666666, "_timestamp": 1660912650.57492, "_runtime": 2.989661931991577, "_step": 41, "fine_tuned_model": "ada:ft-lsmoepfl-2022-08-19-12-37-22", "status": "succeeded", "_wandb": {"runtime": 8}}