{"elapsed_tokens": 15690.0, "elapsed_examples": 202.0, "training_loss": 0.0706937548530525, "training_sequence_accuracy": 0.0, "training_token_accuracy": 0.6666666666666666, "validation_loss": 0.093859004078638, "validation_sequence_accuracy": 0.0, "validation_token_accuracy": 0.6666666666666666, "_timestamp": 1660971718.848258, "_runtime": 1.836496114730835, "_step": 202, "fine_tuned_model": "davinci:ft-lsmoepfl-2022-08-20-05-01-50", "status": "succeeded", "_wandb": {"runtime": 7}}