{"elapsed_tokens": 3338.0, "elapsed_examples": 42.0, "training_loss": 0.0969728305178829, "training_sequence_accuracy": 1.0, "training_token_accuracy": 1.0, "validation_loss": 0.1156245587569356, "validation_sequence_accuracy": 0.0, "validation_token_accuracy": 0.6666666666666666, "_timestamp": 1660948638.733417, "_runtime": 1.8649570941925049, "_step": 42, "fine_tuned_model": "davinci:ft-lsmoepfl-2022-08-19-22-37-11", "status": "succeeded", "_wandb": {"runtime": 8}}