{"elapsed_tokens": 5061.0, "elapsed_examples": 101.0, "training_loss": 0.0662159749977642, "training_sequence_accuracy": 0.0, "training_token_accuracy": 0.6666666666666666, "validation_loss": 0.0977316158984952, "validation_sequence_accuracy": 1.0, "validation_token_accuracy": 1.0, "_timestamp": 1661966190.062167, "_runtime": 3.190642833709717, "_step": 101, "fine_tuned_model": "ada:ft-lsmoepfl-2022-08-31-17-16-18", "status": "succeeded", "_wandb": {"runtime": 15}}