{"elapsed_tokens": 31506.0, "elapsed_examples": 402.0, "training_loss": 0.0778241951636755, "training_sequence_accuracy": 1.0, "training_token_accuracy": 1.0, "validation_loss": 0.0829470120828091, "validation_sequence_accuracy": 0.0, "validation_token_accuracy": 0.6666666666666666, "_timestamp": 1661236284.2471418, "_runtime": 3.166139841079712, "_step": 402, "fine_tuned_model": "ada:ft-personal-2022-08-23-06-31-13", "status": "succeeded", "_wandb": {"runtime": 24}}