{"elapsed_tokens": 67450.0, "elapsed_examples": 802.0, "training_loss": 0.0618194999145771, "training_sequence_accuracy": 1.0, "training_token_accuracy": 1.0, "validation_loss": 0.0880301481062371, "validation_sequence_accuracy": 0.0, "validation_token_accuracy": 0.6666666666666666, "_timestamp": 1661213820.657734, "_runtime": 3.6540470123291016, "_step": 802, "fine_tuned_model": "ada:ft-personal-2022-08-23-00-16-50", "status": "succeeded", "_wandb": {"runtime": 12}}