{"elapsed_tokens": 754436.0, "elapsed_examples": 8004.0, "training_loss": 0.0582358190284732, "training_sequence_accuracy": 0.75, "training_token_accuracy": 0.9166666666666666, "validation_loss": 0.0560321976159141, "validation_sequence_accuracy": 0.75, "validation_token_accuracy": 0.9166666666666666, "_timestamp": 1661248712.672653, "_runtime": 3.7792818546295166, "_step": 2001, "fine_tuned_model": "ada:ft-personal-2022-08-23-09-58-18", "status": "succeeded", "_wandb": {"runtime": 26}}