{"elapsed_tokens": 16961.0, "elapsed_examples": 201.0, "training_loss": 0.1154440565866666, "training_sequence_accuracy": 0.0, "training_token_accuracy": 0.6666666666666666, "validation_loss": 0.1180320605622341, "validation_sequence_accuracy": 0.0, "validation_token_accuracy": 0.6666666666666666, "_timestamp": 1661334033.155173, "_runtime": 3.2306571006774902, "_step": 201, "fine_tuned_model": "ada:ft-personal-2022-08-24-09-40-18", "status": "succeeded", "_wandb": {"runtime": 24}}