{"elapsed_tokens": 32698.0, "elapsed_examples": 402.0, "training_loss": 0.0799094907979409, "training_sequence_accuracy": 0.0, "training_token_accuracy": 0.6666666666666666, "validation_loss": 0.0698295633831531, "validation_sequence_accuracy": 1.0, "validation_token_accuracy": 1.0, "_timestamp": 1661192777.173953, "_runtime": 3.612929105758667, "_step": 402, "fine_tuned_model": "ada:ft-personal-2022-08-22-18-26-06", "status": "succeeded", "_wandb": {"runtime": 12}}