{"elapsed_tokens": 31258.0, "elapsed_examples": 402.0, "training_loss": 0.0778222469008369, "training_sequence_accuracy": 0.0, "training_token_accuracy": 0.6666666666666666, "validation_loss": 0.0708065413536792, "validation_sequence_accuracy": 0.0, "validation_token_accuracy": 0.6666666666666666, "_timestamp": 1660942695.580416, "_runtime": 3.165618896484375, "_step": 402, "fine_tuned_model": "ada:ft-lsmoepfl-2022-08-19-20-58-06", "status": "succeeded", "_wandb": {"runtime": 9}}