{"elapsed_tokens": 165289.0, "elapsed_examples": 2001.0, "training_loss": 0.0902944127542656, "training_sequence_accuracy": 0.0, "training_token_accuracy": 0.8333333333333334, "validation_loss": 0.0942701154599093, "validation_sequence_accuracy": 0.0, "validation_token_accuracy": 0.6666666666666666, "_timestamp": 1661330930.835072, "_runtime": 4.236552953720093, "_step": 2001, "fine_tuned_model": "ada:ft-personal-2022-08-24-08-48-32", "status": "succeeded", "_wandb": {"runtime": 28}}