{"elapsed_tokens": 3121.0, "elapsed_examples": 41.0, "training_loss": 0.0962001427400132, "training_sequence_accuracy": 0.0, "training_token_accuracy": 0.6666666666666666, "validation_loss": 0.0821191140708833, "validation_sequence_accuracy": 1.0, "validation_token_accuracy": 1.0, "_timestamp": 1660934659.202013, "_runtime": 5.176952123641968, "_step": 41, "fine_tuned_model": "ada:ft-lsmoepfl-2022-08-19-18-44-08", "status": "succeeded", "_wandb": {"runtime": 11}}