{"elapsed_tokens": 34097.0, "elapsed_examples": 401.0, "training_loss": 0.1086518341964658, "training_sequence_accuracy": 0.0, "training_token_accuracy": 0.6666666666666666, "validation_loss": 0.1159531529864125, "validation_sequence_accuracy": 0.0, "validation_token_accuracy": 0.8333333333333334, "_timestamp": 1661318707.0359921, "_runtime": 3.320462226867676, "_step": 401, "fine_tuned_model": "ada:ft-personal-2022-08-24-05-24-54", "status": "succeeded", "_wandb": {"runtime": 25}}