{"elapsed_tokens": 1945.0, "elapsed_examples": 41.0, "training_loss": 0.1262610685941808, "training_sequence_accuracy": 0.0, "training_token_accuracy": 0.6666666666666666, "validation_loss": 0.1191029229086325, "validation_sequence_accuracy": 1.0, "validation_token_accuracy": 1.0, "_timestamp": 1661957321.491036, "_runtime": 3.138519048690796, "_step": 41, "fine_tuned_model": "ada:ft-lsmoepfl-2022-08-31-14-48-28", "status": "succeeded", "_wandb": {"runtime": 12}}