{"elapsed_tokens": 33514.0, "elapsed_examples": 402.0, "training_loss": 0.0736785010658453, "training_sequence_accuracy": 0.0, "training_token_accuracy": 0.6666666666666666, "validation_loss": 0.0775856724024048, "validation_sequence_accuracy": 0.0, "validation_token_accuracy": 0.6666666666666666, "_timestamp": 1661236453.555419, "_runtime": 3.138071060180664, "_step": 402, "fine_tuned_model": "ada:ft-personal-2022-08-23-06-34-02", "status": "succeeded", "_wandb": {"runtime": 30}}