{"elapsed_tokens": 16433.0, "elapsed_examples": 201.0, "training_loss": 0.0744070517720501, "training_sequence_accuracy": 1.0, "training_token_accuracy": 1.0, "validation_loss": 0.0844473112033887, "validation_sequence_accuracy": 0.0, "validation_token_accuracy": 0.6666666666666666, "_timestamp": 1661228487.60049, "_runtime": 3.063587188720703, "_step": 201, "fine_tuned_model": "ada:ft-personal-2022-08-23-04-21-15", "status": "succeeded", "_wandb": {"runtime": 25}}