{"elapsed_tokens": 357908.0, "elapsed_examples": 4004.0, "training_loss": 0.0779147458710633, "training_sequence_accuracy": 0.0, "training_token_accuracy": 0.8333333333333334, "validation_loss": 0.0943294171959666, "validation_sequence_accuracy": 0.0, "validation_token_accuracy": 0.8333333333333334, "_timestamp": 1661308589.722665, "_runtime": 4.054890155792236, "_step": 2002, "fine_tuned_model": "ada:ft-personal-2022-08-24-02-36-14", "status": "succeeded", "_wandb": {"runtime": 25}}