{"elapsed_tokens": 66245.0, "elapsed_examples": 1253.0, "training_loss": 0.0896471291977132, "training_sequence_accuracy": 0.0, "training_token_accuracy": 0.8333333333333334, "validation_loss": 0.0896198490416687, "validation_sequence_accuracy": 0.0, "validation_token_accuracy": 0.8333333333333334, "_timestamp": 1662032843.3248188, "_runtime": 3.729599952697754, "_step": 1253, "fine_tuned_model": "ada:ft-lsmoepfl-2022-09-01-11-47-08", "status": "succeeded", "_wandb": {"runtime": 12}}