{"elapsed_tokens": 358706.0, "elapsed_examples": 4002.0, "training_loss": 0.0638716701794044, "training_sequence_accuracy": 0.5, "training_token_accuracy": 0.8333333333333334, "validation_loss": 0.0549303845297023, "validation_sequence_accuracy": 1.0, "validation_token_accuracy": 1.0, "_timestamp": 1661273187.824021, "_runtime": 3.4436612129211426, "_step": 2001, "fine_tuned_model": "ada:ft-personal-2022-08-23-16-46-16", "status": "succeeded", "_wandb": {"runtime": 42}}