{"elapsed_tokens": 3090.0, "elapsed_examples": 42.0, "training_loss": 0.0887848334947193, "training_sequence_accuracy": 0.0, "training_token_accuracy": 0.6666666666666666, "validation_loss": 0.0893265665078716, "validation_sequence_accuracy": 1.0, "validation_token_accuracy": 1.0, "_timestamp": 1660938880.807196, "_runtime": 6.434203863143921, "_step": 42, "fine_tuned_model": "ada:ft-lsmoepfl-2022-08-19-19-54-28", "status": "succeeded", "_wandb": {"runtime": 10}}