{"elapsed_tokens": 156609.0, "elapsed_examples": 2001.0, "training_loss": 0.0775968933948404, "training_sequence_accuracy": 0.0, "training_token_accuracy": 0.6666666666666666, "validation_loss": 0.0638409420774237, "validation_sequence_accuracy": 1.0, "validation_token_accuracy": 1.0, "_timestamp": 1660951953.798134, "_runtime": 2.516939163208008, "_step": 2001, "fine_tuned_model": "davinci:ft-lsmoepfl-2022-08-19-23-32-23", "status": "succeeded", "_wandb": {"runtime": 8}}