{"elapsed_tokens": 6454.0, "elapsed_examples": 62.0, "training_loss": 0.0484308355363926, "training_sequence_accuracy": 1.0, "training_token_accuracy": 1.0, "validation_loss": 0.0558201286444406, "validation_sequence_accuracy": 0.0, "validation_token_accuracy": 0.6666666666666666, "_timestamp": 1662017192.378367, "_runtime": 3.119173049926758, "_step": 62, "fine_tuned_model": "ada:ft-lsmoepfl-2022-09-01-07-26-19", "status": "succeeded", "_wandb": {"runtime": 12}}