{"elapsed_tokens": 724612.0, "elapsed_examples": 8004.0, "training_loss": 0.0606203821845142, "training_sequence_accuracy": 1.0, "training_token_accuracy": 1.0, "validation_loss": 0.0541332998792226, "validation_sequence_accuracy": 0.75, "validation_token_accuracy": 0.9166666666666666, "_timestamp": 1661274020.512236, "_runtime": 3.2987020015716553, "_step": 2001, "fine_tuned_model": "ada:ft-personal-2022-08-23-17-00-10", "status": "succeeded", "_wandb": {"runtime": 12}}