{"elapsed_tokens": 63296.0, "elapsed_examples": 800.0, "training_loss": 0.0625616938853738, "training_sequence_accuracy": 1.0, "training_token_accuracy": 1.0, "validation_loss": 0.0621281282748425, "validation_sequence_accuracy": 1.0, "validation_token_accuracy": 1.0, "_timestamp": 1660940901.9138508, "_runtime": 2.957209825515747, "_step": 800, "fine_tuned_model": "ada:ft-lsmoepfl-2022-08-19-20-28-12"}