{"elapsed_tokens": 573.0, "elapsed_examples": 21.0, "training_loss": 0.2703553670512822, "training_sequence_accuracy": 0.0, "training_token_accuracy": 0.6666666666666666, "validation_loss": 0.2374872529713684, "validation_sequence_accuracy": 0.0, "validation_token_accuracy": 0.6666666666666666, "_timestamp": 1661983151.652263, "_runtime": 3.3902969360351562, "_step": 21, "fine_tuned_model": "ada:ft-lsmoepfl-2022-08-31-21-58-57", "status": "succeeded", "_wandb": {"runtime": 14}}