{"elapsed_tokens": 16217.0, "elapsed_examples": 201.0, "training_loss": 0.0718938761058734, "training_sequence_accuracy": 0.0, "training_token_accuracy": 0.6666666666666666, "validation_loss": 0.0762234039787017, "validation_sequence_accuracy": 0.0, "validation_token_accuracy": 0.6666666666666666, "_timestamp": 1661220781.267991, "_runtime": 3.053110122680664, "_step": 201, "fine_tuned_model": "ada:ft-personal-2022-08-23-02-12-50", "status": "succeeded", "_wandb": {"runtime": 24}}