{"elapsed_tokens": 16930.0, "elapsed_examples": 202.0, "training_loss": 0.0725281779022187, "training_sequence_accuracy": 1.0, "training_token_accuracy": 1.0, "validation_loss": 0.0796913726260038, "validation_sequence_accuracy": 0.0, "validation_token_accuracy": 0.6666666666666666, "_timestamp": 1661192459.0458062, "_runtime": 2.195570230484009, "_step": 202, "fine_tuned_model": "ada:ft-personal-2022-08-22-18-20-51", "status": "succeeded", "_wandb": {"runtime": 10}}