{"elapsed_tokens": 33058.0, "elapsed_examples": 402.0, "training_loss": 0.073577617456413, "training_sequence_accuracy": 0.0, "training_token_accuracy": 0.6666666666666666, "validation_loss": 0.0593095923885888, "validation_sequence_accuracy": 1.0, "validation_token_accuracy": 1.0, "_timestamp": 1660964767.104168, "_runtime": 1.9616270065307617, "_step": 402, "fine_tuned_model": "ada:ft-lsmoepfl-2022-08-20-03-05-59", "status": "succeeded", "_wandb": {"runtime": 7}}