{"elapsed_tokens": 66050.0, "elapsed_examples": 802.0, "training_loss": 0.102986993890417, "training_sequence_accuracy": 1.0, "training_token_accuracy": 1.0, "validation_loss": 0.109167199625557, "validation_sequence_accuracy": 0.0, "validation_token_accuracy": 0.6666666666666666, "_timestamp": 1661322779.068259, "_runtime": 3.5068891048431396, "_step": 802, "fine_tuned_model": "ada:ft-personal-2022-08-24-06-32-43", "status": "succeeded", "_wandb": {"runtime": 26}}