{"elapsed_tokens": 167082.0, "elapsed_examples": 2002.0, "training_loss": 0.104330864056568, "training_sequence_accuracy": 0.0, "training_token_accuracy": 0.6666666666666666, "validation_loss": 0.092048443030091, "validation_sequence_accuracy": 0.0, "validation_token_accuracy": 0.8333333333333334, "_timestamp": 1661307780.02293, "_runtime": 5.781866788864136, "_step": 2002, "fine_tuned_model": "ada:ft-personal-2022-08-24-02-22-40", "status": "succeeded", "_wandb": {"runtime": 29}}