{"elapsed_tokens": 20305.0, "elapsed_examples": 401.0, "training_loss": 0.0543866227874332, "training_sequence_accuracy": 0.0, "training_token_accuracy": 0.6666666666666666, "validation_loss": 0.061261688611658, "validation_sequence_accuracy": 0.0, "validation_token_accuracy": 0.6666666666666666, "_timestamp": 1661957803.371781, "_runtime": 3.327597141265869, "_step": 401, "fine_tuned_model": "ada:ft-lsmoepfl-2022-08-31-14-56-27", "status": "succeeded", "_wandb": {"runtime": 18}}