{"elapsed_tokens": 3401.0, "elapsed_examples": 41.0, "training_loss": 0.0693547376332693, "training_sequence_accuracy": 1.0, "training_token_accuracy": 1.0, "validation_loss": 0.1180513332762833, "validation_sequence_accuracy": 0.0, "validation_token_accuracy": 0.6666666666666666, "_timestamp": 1660936216.408778, "_runtime": 2.982926845550537, "_step": 41, "fine_tuned_model": "ada:ft-lsmoepfl-2022-08-19-19-10-07", "status": "succeeded", "_wandb": {"runtime": 8}}