{"elapsed_tokens": 31930.0, "elapsed_examples": 402.0, "training_loss": 0.0718069309655782, "training_sequence_accuracy": 0.0, "training_token_accuracy": 0.6666666666666666, "validation_loss": 0.0750645292307007, "validation_sequence_accuracy": 0.0, "validation_token_accuracy": 0.6666666666666666, "_timestamp": 1661283628.534719, "_runtime": 2.198585033416748, "_step": 402, "fine_tuned_model": "ada:ft-personal-2022-08-23-19-40-20", "status": "succeeded", "_wandb": {"runtime": 8}}