{"elapsed_tokens": 669.0, "elapsed_examples": 21.0, "training_loss": 0.2128319615020882, "training_sequence_accuracy": 0.0, "training_token_accuracy": 0.6666666666666666, "validation_loss": 0.2389945353952498, "validation_sequence_accuracy": 0.0, "validation_token_accuracy": 0.6666666666666666, "_timestamp": 1661965453.486254, "_runtime": 3.4774110317230225, "_step": 21, "fine_tuned_model": "ada:ft-lsmoepfl-2022-08-31-17-04-00", "status": "succeeded", "_wandb": {"runtime": 11}}