{"elapsed_tokens": 31138.0, "elapsed_examples": 402.0, "training_loss": 0.0728497299288303, "training_sequence_accuracy": 1.0, "training_token_accuracy": 1.0, "validation_loss": 0.082433960098383, "validation_sequence_accuracy": 0.0, "validation_token_accuracy": 0.6666666666666666, "_timestamp": 1660939573.5228841, "_runtime": 2.3061962127685547, "_step": 402, "fine_tuned_model": "ada:ft-lsmoepfl-2022-08-19-20-06-05", "status": "succeeded", "_wandb": {"runtime": 7}}