{"elapsed_tokens": 33681.0, "elapsed_examples": 401.0, "training_loss": 0.1069055822973173, "training_sequence_accuracy": 0.0, "training_token_accuracy": 0.6666666666666666, "validation_loss": 0.1303058077378608, "validation_sequence_accuracy": 0.0, "validation_token_accuracy": 0.6666666666666666, "_timestamp": 1661334205.596889, "_runtime": 3.7110559940338135, "_step": 401, "fine_tuned_model": "ada:ft-personal-2022-08-24-09-43-10", "status": "succeeded", "_wandb": {"runtime": 25}}