{"elapsed_tokens": 3106.0, "elapsed_examples": 42.0, "training_loss": 0.0850335901292575, "training_sequence_accuracy": 1.0, "training_token_accuracy": 1.0, "validation_loss": 0.2038337797529675, "validation_sequence_accuracy": 0.0, "validation_token_accuracy": 0.6666666666666666, "_timestamp": 1660955790.293736, "_runtime": 3.119939088821411, "_step": 42, "fine_tuned_model": "davinci:ft-lsmoepfl-2022-08-20-00-35-44", "status": "succeeded", "_wandb": {"runtime": 8}}