{"elapsed_tokens": 15873.0, "elapsed_examples": 201.0, "training_loss": 0.0807041845740121, "training_sequence_accuracy": 0.0, "training_token_accuracy": 0.6666666666666666, "validation_loss": 0.0868970132796403, "validation_sequence_accuracy": 0.0, "validation_token_accuracy": 0.6666666666666666, "_timestamp": 1660948964.312914, "_runtime": 1.8445498943328857, "_step": 201, "fine_tuned_model": "davinci:ft-lsmoepfl-2022-08-19-22-42-36", "status": "succeeded", "_wandb": {"runtime": 7}}