{"elapsed_tokens": 158441.0, "elapsed_examples": 2001.0, "training_loss": 0.063952732042947, "training_sequence_accuracy": 1.0, "training_token_accuracy": 1.0, "validation_loss": 0.0978130758736216, "validation_sequence_accuracy": 0.0, "validation_token_accuracy": 0.6666666666666666, "_timestamp": 1661214189.704163, "_runtime": 4.288158178329468, "_step": 2001, "fine_tuned_model": "ada:ft-personal-2022-08-23-00-22-59", "status": "succeeded", "_wandb": {"runtime": 13}}