{"elapsed_tokens": 63994.0, "elapsed_examples": 802.0, "training_loss": 0.0790088429364219, "training_sequence_accuracy": 0.0, "training_token_accuracy": 0.6666666666666666, "validation_loss": 0.0758353721811376, "validation_sequence_accuracy": 0.0, "validation_token_accuracy": 0.6666666666666666, "_timestamp": 1661229055.229295, "_runtime": 3.5501348972320557, "_step": 802, "fine_tuned_model": "ada:ft-personal-2022-08-23-04-30-43", "status": "succeeded", "_wandb": {"runtime": 25}}