{"elapsed_tokens": 33306.0, "elapsed_examples": 402.0, "training_loss": 0.0712846166690627, "training_sequence_accuracy": 1.0, "training_token_accuracy": 1.0, "validation_loss": 0.0803090069946012, "validation_sequence_accuracy": 0.0, "validation_token_accuracy": 0.6666666666666666, "_timestamp": 1660957499.471353, "_runtime": 1.8964099884033203, "_step": 402, "fine_tuned_model": "davinci:ft-lsmoepfl-2022-08-20-01-04-51", "status": "succeeded", "_wandb": {"runtime": 8}}