{"elapsed_tokens": 164762.0, "elapsed_examples": 2002.0, "training_loss": 0.0950213624350617, "training_sequence_accuracy": 0.0, "training_token_accuracy": 0.8333333333333334, "validation_loss": 0.0925499520923082, "validation_sequence_accuracy": 0.0, "validation_token_accuracy": 0.8333333333333334, "_timestamp": 1661311649.8441842, "_runtime": 3.7989001274108887, "_step": 2002, "fine_tuned_model": "ada:ft-personal-2022-08-24-03-27-15", "status": "succeeded", "_wandb": {"runtime": 27}}