{"elapsed_tokens": 759844.0, "elapsed_examples": 8004.0, "training_loss": 0.0571493706123246, "training_sequence_accuracy": 0.75, "training_token_accuracy": 0.9166666666666666, "validation_loss": 0.0563405276654384, "validation_sequence_accuracy": 0.75, "validation_token_accuracy": 0.9166666666666666, "_timestamp": 1661218040.376235, "_runtime": 3.6984000205993652, "_step": 2001, "fine_tuned_model": "ada:ft-personal-2022-08-23-01-27-04", "status": "succeeded", "_wandb": {"runtime": 27}}