{"elapsed_tokens": 15610.0, "elapsed_examples": 202.0, "training_loss": 0.0809443029450494, "training_sequence_accuracy": 0.0, "training_token_accuracy": 0.6666666666666666, "validation_loss": 0.0774462019916303, "validation_sequence_accuracy": 0.0, "validation_token_accuracy": 0.6666666666666666, "_timestamp": 1660939286.354453, "_runtime": 4.368354082107544, "_step": 202, "fine_tuned_model": "ada:ft-lsmoepfl-2022-08-19-20-01-15", "status": "succeeded", "_wandb": {"runtime": 10}}