{"elapsed_tokens": 3489.0, "elapsed_examples": 41.0, "training_loss": 0.0763287628154185, "training_sequence_accuracy": 0.0, "training_token_accuracy": 0.6666666666666666, "validation_loss": 0.0826530819629988, "validation_sequence_accuracy": 0.0, "validation_token_accuracy": 0.6666666666666666, "_timestamp": 1660911627.45873, "_runtime": 2.332026958465576, "_step": 41, "fine_tuned_model": "ada:ft-lsmoepfl-2022-08-19-12-20-20", "status": "succeeded", "_wandb": {"runtime": 7}}