{"elapsed_tokens": 66913.0, "elapsed_examples": 801.0, "training_loss": 0.0975603336366457, "training_sequence_accuracy": 0.0, "training_token_accuracy": 0.8333333333333334, "validation_loss": 0.1035081160342631, "validation_sequence_accuracy": 0.0, "validation_token_accuracy": 0.6666666666666666, "_timestamp": 1661330518.826498, "_runtime": 3.508824110031128, "_step": 801, "fine_tuned_model": "ada:ft-personal-2022-08-24-08-41-42", "status": "succeeded", "_wandb": {"runtime": 25}}