{"elapsed_tokens": 757864.0, "elapsed_examples": 8008.0, "training_loss": 0.083937826075322, "training_sequence_accuracy": 0.0, "training_token_accuracy": 0.7916666666666666, "validation_loss": 0.0927766438472751, "validation_sequence_accuracy": 0.25, "validation_token_accuracy": 0.8333333333333334, "_timestamp": 1661305545.991202, "_runtime": 6.199770212173462, "_step": 2002, "fine_tuned_model": "ada:ft-personal-2022-08-24-01-45-22", "status": "succeeded", "_wandb": {"runtime": 37}}