{"elapsed_tokens": 9945.0, "elapsed_examples": 201.0, "training_loss": 0.0456780953383713, "training_sequence_accuracy": 0.0, "training_token_accuracy": 0.6666666666666666, "validation_loss": 0.0640797657522216, "validation_sequence_accuracy": 0.0, "validation_token_accuracy": 0.6666666666666666, "_timestamp": 1661953900.655691, "_runtime": 4.2770819664001465, "_step": 201, "fine_tuned_model": "ada:ft-lsmoepfl-2022-08-31-13-51-27", "status": "succeeded", "_wandb": {"runtime": 15}}