{"elapsed_tokens": 360226.0, "elapsed_examples": 4002.0, "training_loss": 0.0872591951173731, "training_sequence_accuracy": 0.0, "training_token_accuracy": 0.75, "validation_loss": 0.0929876551698382, "validation_sequence_accuracy": 0.0, "validation_token_accuracy": 0.8333333333333334, "_timestamp": 1661316305.34304, "_runtime": 4.144212961196899, "_step": 2001, "fine_tuned_model": "ada:ft-personal-2022-08-24-04-44-50", "status": "succeeded", "_wandb": {"runtime": 26}}