{"elapsed_tokens": 16658.0, "elapsed_examples": 202.0, "training_loss": 0.0983001090057104, "training_sequence_accuracy": 0.0, "training_token_accuracy": 0.8333333333333334, "validation_loss": 0.1198081442411217, "validation_sequence_accuracy": 0.0, "validation_token_accuracy": 0.6666666666666666, "_timestamp": 1661314681.152255, "_runtime": 4.0797929763793945, "_step": 202, "fine_tuned_model": "ada:ft-personal-2022-08-24-04-17-44", "status": "succeeded", "_wandb": {"runtime": 26}}