{"elapsed_tokens": 16498.0, "elapsed_examples": 202.0, "training_loss": 0.077263170347793, "training_sequence_accuracy": 0.0, "training_token_accuracy": 0.6666666666666666, "validation_loss": 0.0882447081428229, "validation_sequence_accuracy": 0.0, "validation_token_accuracy": 0.6666666666666666, "_timestamp": 1661228349.190758, "_runtime": 3.683212995529175, "_step": 202, "fine_tuned_model": "ada:ft-personal-2022-08-23-04-18-56", "status": "succeeded", "_wandb": {"runtime": 24}}