{"elapsed_tokens": 727524.0, "elapsed_examples": 8004.0, "training_loss": 0.0538483037792029, "training_sequence_accuracy": 1.0, "training_token_accuracy": 1.0, "validation_loss": 0.0598494218263957, "validation_sequence_accuracy": 0.5, "validation_token_accuracy": 0.8333333333333334, "_timestamp": 1661247885.524647, "_runtime": 3.8317160606384277, "_step": 2001, "fine_tuned_model": "ada:ft-personal-2022-08-23-09-44-31", "status": "succeeded", "_wandb": {"runtime": 26}}