{"elapsed_tokens": 3346.0, "elapsed_examples": 42.0, "training_loss": 0.1198892829562492, "training_sequence_accuracy": 0.0, "training_token_accuracy": 0.6666666666666666, "validation_loss": 0.1475905517718109, "validation_sequence_accuracy": 0.0, "validation_token_accuracy": 0.6666666666666666, "_timestamp": 1660956050.501015, "_runtime": 1.7436540126800537, "_step": 42, "fine_tuned_model": "davinci:ft-lsmoepfl-2022-08-20-00-40-43", "status": "succeeded", "_wandb": {"runtime": 6}}