{"elapsed_tokens": 63138.0, "elapsed_examples": 802.0, "training_loss": 0.0733755307557616, "training_sequence_accuracy": 0.0, "training_token_accuracy": 0.6666666666666666, "validation_loss": 0.0620597338812785, "validation_sequence_accuracy": 1.0, "validation_token_accuracy": 1.0, "_timestamp": 1660939943.720901, "_runtime": 2.6566429138183594, "_step": 802, "fine_tuned_model": "ada:ft-lsmoepfl-2022-08-19-20-12-16", "_wandb": {"runtime": 8}}