{"elapsed_tokens": 3489.0, "elapsed_examples": 41.0, "training_loss": 0.0807423465514809, "training_sequence_accuracy": 0.0, "training_token_accuracy": 0.6666666666666666, "validation_loss": 0.0810050200434489, "validation_sequence_accuracy": 1.0, "validation_token_accuracy": 1.0, "_timestamp": 1660942243.077018, "_runtime": 3.0568959712982178, "_step": 41, "fine_tuned_model": "ada:ft-lsmoepfl-2022-08-19-20-50-34", "status": "succeeded", "_wandb": {"runtime": 9}}