{"elapsed_tokens": 66114.0, "elapsed_examples": 802.0, "training_loss": 0.0691082376775933, "training_sequence_accuracy": 0.0, "training_token_accuracy": 0.6666666666666666, "validation_loss": 0.0675503234912892, "validation_sequence_accuracy": 0.0, "validation_token_accuracy": 0.6666666666666666, "_timestamp": 1661221750.1826031, "_runtime": 3.2332301139831543, "_step": 802, "fine_tuned_model": "ada:ft-personal-2022-08-23-02-28-58", "status": "succeeded", "_wandb": {"runtime": 26}}