{"elapsed_tokens": 3090.0, "elapsed_examples": 42.0, "training_loss": 0.074698256276315, "training_sequence_accuracy": 0.0, "training_token_accuracy": 0.6666666666666666, "validation_loss": 0.0733342101500602, "validation_sequence_accuracy": 0.0, "validation_token_accuracy": 0.6666666666666666, "_timestamp": 1660938143.170037, "_runtime": 2.8405959606170654, "_step": 42, "fine_tuned_model": "ada:ft-lsmoepfl-2022-08-19-19-42-15", "status": "succeeded", "_wandb": {"runtime": 8}}