{"elapsed_tokens": 16129.0, "elapsed_examples": 201.0, "training_loss": 0.0837104806969695, "training_sequence_accuracy": 0.0, "training_token_accuracy": 0.6666666666666666, "validation_loss": 0.0823964237713463, "validation_sequence_accuracy": 0.0, "validation_token_accuracy": 0.6666666666666666, "_timestamp": 1661192344.330094, "_runtime": 2.371373176574707, "_step": 201, "fine_tuned_model": "ada:ft-personal-2022-08-22-18-18-57", "status": "succeeded", "_wandb": {"runtime": 11}}