{"elapsed_tokens": 16441.0, "elapsed_examples": 201.0, "training_loss": 0.071143929480886, "training_sequence_accuracy": 1.0, "training_token_accuracy": 1.0, "validation_loss": 0.0773785360251319, "validation_sequence_accuracy": 0.0, "validation_token_accuracy": 0.6666666666666666, "_timestamp": 1661283489.754424, "_runtime": 2.368784189224243, "_step": 201, "fine_tuned_model": "ada:ft-personal-2022-08-23-19-38-00", "status": "succeeded", "_wandb": {"runtime": 8}}