{"elapsed_tokens": 31497.0, "elapsed_examples": 401.0, "training_loss": 0.0734382985681143, "training_sequence_accuracy": 1.0, "training_token_accuracy": 1.0, "validation_loss": 0.081491552598959, "validation_sequence_accuracy": 0.0, "validation_token_accuracy": 0.6666666666666666, "_timestamp": 1661192601.078548, "_runtime": 2.3055970668792725, "_step": 401, "fine_tuned_model": "ada:ft-personal-2022-08-22-18-23-13", "status": "succeeded", "_wandb": {"runtime": 41}}