{"elapsed_tokens": 40857.0, "elapsed_examples": 401.0, "training_loss": 0.0376123076600779, "training_sequence_accuracy": 1.0, "training_token_accuracy": 1.0, "validation_loss": 0.0600989924565112, "validation_sequence_accuracy": 0.0, "validation_token_accuracy": 0.6666666666666666, "_timestamp": 1661979382.77741, "_runtime": 4.401809930801392, "_step": 401, "fine_tuned_model": "ada:ft-lsmoepfl-2022-08-31-20-56-05", "status": "succeeded", "_wandb": {"runtime": 13}}