{"elapsed_tokens": 20730.0, "elapsed_examples": 202.0, "training_loss": 0.0767002683236953, "training_sequence_accuracy": 0.0, "training_token_accuracy": 0.6666666666666666, "validation_loss": 0.0480011684766175, "validation_sequence_accuracy": 1.0, "validation_token_accuracy": 1.0, "_timestamp": 1661982065.510174, "_runtime": 2.824110984802246, "_step": 202, "fine_tuned_model": "ada:ft-lsmoepfl-2022-08-31-21-40-53", "status": "succeeded", "_wandb": {"runtime": 11}}