{"elapsed_tokens": 50088.0, "elapsed_examples": 1000.0, "training_loss": 0.0231634705881106, "training_sequence_accuracy": 1.0, "training_token_accuracy": 1.0, "validation_loss": 0.064696814240771, "validation_sequence_accuracy": 0.0, "validation_token_accuracy": 0.6666666666666666, "_timestamp": 1662038441.9005692, "_runtime": 8.994660139083862, "_step": 1000, "fine_tuned_model": "ada:ft-lsmoepfl-2022-09-01-13-17-15"}