{"elapsed_tokens": 165826.0, "elapsed_examples": 2002.0, "training_loss": 0.0895630835493637, "training_sequence_accuracy": 0.0, "training_token_accuracy": 0.8333333333333334, "validation_loss": 0.096655125663496, "validation_sequence_accuracy": 0.0, "validation_token_accuracy": 0.8333333333333334, "_timestamp": 1661327066.22735, "_runtime": 3.9281790256500244, "_step": 2002, "fine_tuned_model": "ada:ft-personal-2022-08-24-07-44-10", "status": "succeeded", "_wandb": {"runtime": 26}}