{"elapsed_tokens": 4909.0, "elapsed_examples": 101.0, "training_loss": 0.1061605008490207, "training_sequence_accuracy": 0.0, "training_token_accuracy": 0.6666666666666666, "validation_loss": 0.0758315703639527, "validation_sequence_accuracy": 1.0, "validation_token_accuracy": 1.0, "_timestamp": 1661984126.046088, "_runtime": 3.150614023208618, "_step": 101, "fine_tuned_model": "ada:ft-lsmoepfl-2022-08-31-22-15-13", "status": "succeeded", "_wandb": {"runtime": 12}}