{"elapsed_tokens": 61497.0, "elapsed_examples": 601.0, "training_loss": 0.0340115826522549, "training_sequence_accuracy": 0.0, "training_token_accuracy": 0.6666666666666666, "validation_loss": 0.0166643383922905, "validation_sequence_accuracy": 1.0, "validation_token_accuracy": 1.0, "_timestamp": 1661982533.59688, "_runtime": 3.1331980228424072, "_step": 601, "fine_tuned_model": "ada:ft-lsmoepfl-2022-08-31-21-48-38", "status": "succeeded", "_wandb": {"runtime": 12}}