{"elapsed_tokens": 165378.0, "elapsed_examples": 2002.0, "training_loss": 0.0933280414388795, "training_sequence_accuracy": 1.0, "training_token_accuracy": 1.0, "validation_loss": 0.1155214387662126, "validation_sequence_accuracy": 0.0, "validation_token_accuracy": 0.6666666666666666, "_timestamp": 1661319340.9438899, "_runtime": 3.55791974067688, "_step": 2002, "fine_tuned_model": "ada:ft-personal-2022-08-24-05-35-27", "status": "succeeded", "_wandb": {"runtime": 25}}