{"elapsed_tokens": 16002.0, "elapsed_examples": 202.0, "training_loss": 0.078293048391472, "training_sequence_accuracy": 1.0, "training_token_accuracy": 1.0, "validation_loss": 0.0840886708780645, "validation_sequence_accuracy": 0.0, "validation_token_accuracy": 0.6666666666666666, "_timestamp": 1661243651.92, "_runtime": 3.6109890937805176, "_step": 202, "fine_tuned_model": "ada:ft-personal-2022-08-23-08-33-59", "status": "succeeded", "_wandb": {"runtime": 28}}