{"elapsed_tokens": 760072.0, "elapsed_examples": 8008.0, "training_loss": 0.0496237458443414, "training_sequence_accuracy": 1.0, "training_token_accuracy": 1.0, "validation_loss": 0.0581017616294568, "validation_sequence_accuracy": 0.75, "validation_token_accuracy": 0.9166666666666666, "_timestamp": 1661233351.4320269, "_runtime": 3.7970869541168213, "_step": 2002, "fine_tuned_model": "ada:ft-personal-2022-08-23-05-42-17", "status": "succeeded", "_wandb": {"runtime": 26}}