{"elapsed_tokens": 33434.0, "elapsed_examples": 402.0, "training_loss": 0.1217633168741827, "training_sequence_accuracy": 0.0, "training_token_accuracy": 0.6666666666666666, "validation_loss": 0.1251013939129257, "validation_sequence_accuracy": 0.0, "validation_token_accuracy": 0.6666666666666666, "_timestamp": 1661330285.244106, "_runtime": 3.621777057647705, "_step": 402, "fine_tuned_model": "ada:ft-personal-2022-08-24-08-37-50", "status": "succeeded", "_wandb": {"runtime": 25}}