{"elapsed_tokens": 30217.0, "elapsed_examples": 601.0, "training_loss": 0.0924108868720168, "training_sequence_accuracy": 0.0, "training_token_accuracy": 0.6666666666666666, "validation_loss": 0.0232603220651526, "validation_sequence_accuracy": 1.0, "validation_token_accuracy": 1.0, "_timestamp": 1661981292.514455, "_runtime": 2.9700920581817627, "_step": 601, "fine_tuned_model": "ada:ft-lsmoepfl-2022-08-31-21-27-57", "status": "succeeded", "_wandb": {"runtime": 12}}