{"elapsed_tokens": 3281.0, "elapsed_examples": 41.0, "training_loss": 0.0843890781186928, "training_sequence_accuracy": 0.0, "training_token_accuracy": 0.6666666666666666, "validation_loss": 0.0829207262035197, "validation_sequence_accuracy": 0.0, "validation_token_accuracy": 0.6666666666666666, "_timestamp": 1660937856.076728, "_runtime": 3.2387402057647705, "_step": 41, "fine_tuned_model": "ada:ft-lsmoepfl-2022-08-19-19-37-27", "status": "succeeded", "_wandb": {"runtime": 8}}