{"elapsed_tokens": 2341.0, "elapsed_examples": 21.0, "training_loss": 0.1358385793622389, "training_sequence_accuracy": 0.0, "training_token_accuracy": 0.6666666666666666, "validation_loss": 0.1533937620160486, "validation_sequence_accuracy": 1.0, "validation_token_accuracy": 1.0, "_timestamp": 1661978706.218119, "_runtime": 2.8675320148468018, "_step": 21, "fine_tuned_model": "ada:ft-lsmoepfl-2022-08-31-20-44-53", "status": "succeeded", "_wandb": {"runtime": 11}}