{"elapsed_tokens": 3394.0, "elapsed_examples": 42.0, "training_loss": 0.0932598577375756, "training_sequence_accuracy": 0.0, "training_token_accuracy": 0.6666666666666666, "validation_loss": 0.1031708821870415, "validation_sequence_accuracy": 0.0, "validation_token_accuracy": 0.6666666666666666, "_timestamp": 1660940124.6861062, "_runtime": 2.8357741832733154, "_step": 42, "fine_tuned_model": "ada:ft-lsmoepfl-2022-08-19-20-15-16", "status": "succeeded", "_wandb": {"runtime": 13}}