{"elapsed_tokens": 33569.0, "elapsed_examples": 401.0, "training_loss": 0.0803484702367146, "training_sequence_accuracy": 0.0, "training_token_accuracy": 0.6666666666666666, "validation_loss": 0.0971013030640187, "validation_sequence_accuracy": 0.0, "validation_token_accuracy": 0.6666666666666666, "_timestamp": 1661612733.456873, "_runtime": 3.0716099739074707, "_step": 401, "fine_tuned_model": "davinci:ft-lsmoepfl-2022-08-27-15-05-20", "status": "succeeded", "_wandb": {"runtime": 20}}