{"elapsed_tokens": 39585.0, "elapsed_examples": 801.0, "training_loss": 0.0389442284385495, "training_sequence_accuracy": 0.0, "training_token_accuracy": 0.6666666666666666, "validation_loss": 0.0418662001645907, "validation_sequence_accuracy": 1.0, "validation_token_accuracy": 1.0, "_timestamp": 1661958102.8635688, "_runtime": 3.3130197525024414, "_step": 801, "fine_tuned_model": "ada:ft-lsmoepfl-2022-08-31-15-01-26", "status": "succeeded", "_wandb": {"runtime": 11}}