{"elapsed_tokens": 3410.0, "elapsed_examples": 42.0, "training_loss": 0.0765896203875147, "training_sequence_accuracy": 0.0, "training_token_accuracy": 0.6666666666666666, "validation_loss": 0.0830309075097223, "validation_sequence_accuracy": 0.0, "validation_token_accuracy": 0.6666666666666666, "_timestamp": 1660938554.878688, "_runtime": 2.384561061859131, "_step": 42, "fine_tuned_model": "ada:ft-lsmoepfl-2022-08-19-19-49-07", "status": "succeeded", "_wandb": {"runtime": 8}}