{"elapsed_tokens": 20418.0, "elapsed_examples": 402.0, "training_loss": 0.0683301461930893, "training_sequence_accuracy": 0.0, "training_token_accuracy": 0.6666666666666666, "validation_loss": 0.0741062304198711, "validation_sequence_accuracy": 0.0, "validation_token_accuracy": 0.6666666666666666, "_timestamp": 1661981059.297028, "_runtime": 3.207146167755127, "_step": 402, "fine_tuned_model": "ada:ft-lsmoepfl-2022-08-31-21-24-06", "status": "succeeded", "_wandb": {"runtime": 13}}