{"elapsed_tokens": 343266.0, "elapsed_examples": 4002.0, "training_loss": 0.0607131298240258, "training_sequence_accuracy": 1.0, "training_token_accuracy": 1.0, "validation_loss": 0.0623640705681382, "validation_sequence_accuracy": 1.0, "validation_token_accuracy": 1.0, "_timestamp": 1661238521.9239318, "_runtime": 3.6598689556121826, "_step": 2001, "fine_tuned_model": "ada:ft-personal-2022-08-23-07-08-29", "status": "succeeded", "_wandb": {"runtime": 26}}