{"elapsed_tokens": 758440.0, "elapsed_examples": 8008.0, "training_loss": 0.0824616122870973, "training_sequence_accuracy": 0.0, "training_token_accuracy": 0.7083333333333334, "validation_loss": 0.1018367483780648, "validation_sequence_accuracy": 0.0, "validation_token_accuracy": 0.75, "_timestamp": 1661295520.518064, "_runtime": 5.704435110092163, "_step": 2002, "fine_tuned_model": "ada:ft-personal-2022-08-23-22-58-18", "status": "succeeded", "_wandb": {"runtime": 49}}