{"elapsed_tokens": 62850.0, "elapsed_examples": 802.0, "training_loss": 0.099065965465566, "training_sequence_accuracy": 0.0, "training_token_accuracy": 0.8333333333333334, "validation_loss": 0.1539495447661126, "validation_sequence_accuracy": 0.0, "validation_token_accuracy": 0.6666666666666666, "_timestamp": 1661181165.0384169, "_runtime": 2.9589309692382812, "_step": 802, "fine_tuned_model": "ada:ft-epfl-2022-08-22-15-12-36", "status": "succeeded", "_wandb": {"runtime": 11}}