{"elapsed_tokens": 33642.0, "elapsed_examples": 402.0, "training_loss": 0.0789043733636208, "training_sequence_accuracy": 0.0, "training_token_accuracy": 0.6666666666666666, "validation_loss": 0.0666529779438612, "validation_sequence_accuracy": 1.0, "validation_token_accuracy": 1.0, "_timestamp": 1661251865.49441, "_runtime": 3.3013620376586914, "_step": 402, "fine_tuned_model": "ada:ft-personal-2022-08-23-10-50-53", "status": "succeeded", "_wandb": {"runtime": 55}}