{"elapsed_tokens": 3193.0, "elapsed_examples": 41.0, "training_loss": 0.077797896580887, "training_sequence_accuracy": 0.0, "training_token_accuracy": 0.6666666666666666, "validation_loss": 0.0846273731020725, "validation_sequence_accuracy": 0.0, "validation_token_accuracy": 0.6666666666666666, "_timestamp": 1660964178.309946, "_runtime": 2.9458460807800293, "_step": 41, "fine_tuned_model": "ada:ft-lsmoepfl-2022-08-20-02-56-09", "status": "succeeded", "_wandb": {"runtime": 9}}