{"elapsed_tokens": 16673.0, "elapsed_examples": 201.0, "training_loss": 0.0809885099647751, "training_sequence_accuracy": 0.0, "training_token_accuracy": 0.6666666666666666, "validation_loss": 0.0777175719382386, "validation_sequence_accuracy": 1.0, "validation_token_accuracy": 1.0, "_timestamp": 1661243814.4425979, "_runtime": 3.4425148963928223, "_step": 201, "fine_tuned_model": "ada:ft-personal-2022-08-23-08-36-42", "status": "succeeded", "_wandb": {"runtime": 27}}