{"elapsed_tokens": 41090.0, "elapsed_examples": 402.0, "training_loss": 0.0441398920602345, "training_sequence_accuracy": 0.0, "training_token_accuracy": 0.6666666666666666, "validation_loss": 0.0347251581081404, "validation_sequence_accuracy": 0.0, "validation_token_accuracy": 0.6666666666666666, "_timestamp": 1661955709.109782, "_runtime": 6.179923057556152, "_step": 402, "fine_tuned_model": "ada:ft-lsmoepfl-2022-08-31-14-21-32", "status": "succeeded", "_wandb": {"runtime": 20}}