{"elapsed_tokens": 2561.0, "elapsed_examples": 81.0, "training_loss": 0.0401897628132246, "training_sequence_accuracy": 1.0, "training_token_accuracy": 1.0, "validation_loss": 0.0844072483100414, "validation_sequence_accuracy": 0.0, "validation_token_accuracy": 0.6666666666666666, "_timestamp": 1661983266.662567, "_runtime": 3.674531936645508, "_step": 81, "fine_tuned_model": "ada:ft-lsmoepfl-2022-08-31-22-00-53", "status": "succeeded", "_wandb": {"runtime": 11}}