{"elapsed_tokens": 2061.0, "elapsed_examples": 21.0, "training_loss": 0.1415700471986914, "training_sequence_accuracy": 0.0, "training_token_accuracy": 0.6666666666666666, "validation_loss": 0.1389010292605876, "validation_sequence_accuracy": 1.0, "validation_token_accuracy": 1.0, "_timestamp": 1661981633.3741581, "_runtime": 2.729189157485962, "_step": 21, "fine_tuned_model": "ada:ft-lsmoepfl-2022-08-31-21-33-37", "status": "succeeded", "_wandb": {"runtime": 11}}