{"elapsed_tokens": 2062.0, "elapsed_examples": 22.0, "training_loss": 0.1130396509245594, "training_sequence_accuracy": 1.0, "training_token_accuracy": 1.0, "validation_loss": 0.1509072980568255, "validation_sequence_accuracy": 0.0, "validation_token_accuracy": 0.6666666666666666, "_timestamp": 1661967369.225232, "_runtime": 2.7683517932891846, "_step": 22, "fine_tuned_model": "ada:ft-lsmoepfl-2022-08-31-17-35-54", "status": "succeeded", "_wandb": {"runtime": 13}}