{"elapsed_tokens": 70313.0, "elapsed_examples": 1401.0, "training_loss": 0.0344546024496376, "training_sequence_accuracy": 0.0, "training_token_accuracy": 0.6666666666666666, "validation_loss": 0.0562875679873859, "validation_sequence_accuracy": 1.0, "validation_token_accuracy": 1.0, "_timestamp": 1661955090.455206, "_runtime": 7.915872812271118, "_step": 1401, "fine_tuned_model": "ada:ft-lsmoepfl-2022-08-31-14-11-11", "status": "succeeded", "_wandb": {"runtime": 33}}