{"elapsed_tokens": 33401.0, "elapsed_examples": 401.0, "training_loss": 0.1134483267155796, "training_sequence_accuracy": 0.0, "training_token_accuracy": 0.6666666666666666, "validation_loss": 0.1212853646315287, "validation_sequence_accuracy": 0.0, "validation_token_accuracy": 0.6666666666666666, "_timestamp": 1661293012.935759, "_runtime": 3.276893138885498, "_step": 401, "fine_tuned_model": "ada:ft-personal-2022-08-23-22-16-40", "status": "succeeded", "_wandb": {"runtime": 30}}