{"elapsed_tokens": 358354.0, "elapsed_examples": 4002.0, "training_loss": 0.0534316119187771, "training_sequence_accuracy": 1.0, "training_token_accuracy": 1.0, "validation_loss": 0.0597017624836574, "validation_sequence_accuracy": 0.5, "validation_token_accuracy": 0.8333333333333334, "_timestamp": 1661224177.022652, "_runtime": 3.8025739192962646, "_step": 2001, "fine_tuned_model": "ada:ft-personal-2022-08-23-03-09-23", "status": "succeeded", "_wandb": {"runtime": 27}}