{"elapsed_tokens": 30129.0, "elapsed_examples": 601.0, "training_loss": 0.0183862417957607, "training_sequence_accuracy": 1.0, "training_token_accuracy": 1.0, "validation_loss": 0.0456561875949501, "validation_sequence_accuracy": 0.0, "validation_token_accuracy": 0.6666666666666666, "_timestamp": 1661978074.754955, "_runtime": 2.8247900009155273, "_step": 601, "fine_tuned_model": "ada:ft-lsmoepfl-2022-08-31-20-34-16", "status": "succeeded", "_wandb": {"runtime": 11}}