{"elapsed_tokens": 19066.0, "elapsed_examples": 202.0, "training_loss": 0.0483801830402181, "training_sequence_accuracy": 0.0, "training_token_accuracy": 0.6666666666666666, "validation_loss": 0.0462920683507642, "validation_sequence_accuracy": 1.0, "validation_token_accuracy": 1.0, "_timestamp": 1661955452.262382, "_runtime": 5.28411602973938, "_step": 202, "fine_tuned_model": "ada:ft-lsmoepfl-2022-08-31-14-17-17", "status": "succeeded", "_wandb": {"runtime": 16}}