{"elapsed_tokens": 3345.0, "elapsed_examples": 41.0, "training_loss": 0.0832778374446206, "training_sequence_accuracy": 1.0, "training_token_accuracy": 1.0, "validation_loss": 0.1327849020514905, "validation_sequence_accuracy": 0.0, "validation_token_accuracy": 0.6666666666666666, "_timestamp": 1661235813.723475, "_runtime": 3.191153049468994, "_step": 41, "fine_tuned_model": "ada:ft-personal-2022-08-23-06-23-22", "status": "succeeded", "_wandb": {"runtime": 24}}