{"elapsed_tokens": 158081.0, "elapsed_examples": 2001.0, "training_loss": 0.0595761892588859, "training_sequence_accuracy": 1.0, "training_token_accuracy": 1.0, "validation_loss": 0.0824909513638232, "validation_sequence_accuracy": 0.0, "validation_token_accuracy": 0.6666666666666666, "_timestamp": 1661252761.955568, "_runtime": 3.6980481147766113, "_step": 2001, "fine_tuned_model": "ada:ft-personal-2022-08-23-11-05-49", "status": "succeeded", "_wandb": {"runtime": 24}}