{"elapsed_tokens": 645.0, "elapsed_examples": 21.0, "training_loss": 0.2546934748199419, "training_sequence_accuracy": 0.0, "training_token_accuracy": 0.6666666666666666, "validation_loss": 0.2500043055202695, "validation_sequence_accuracy": 1.0, "validation_token_accuracy": 1.0, "_timestamp": 1661979949.339917, "_runtime": 3.071531057357788, "_step": 21, "fine_tuned_model": "ada:ft-lsmoepfl-2022-08-31-21-05-36", "status": "succeeded", "_wandb": {"runtime": 12}}