{"elapsed_tokens": 16337.0, "elapsed_examples": 201.0, "training_loss": 0.1259267017526528, "training_sequence_accuracy": 0.0, "training_token_accuracy": 0.6666666666666666, "validation_loss": 0.1212725843265492, "validation_sequence_accuracy": 0.0, "validation_token_accuracy": 0.6666666666666666, "_timestamp": 1661310818.840749, "_runtime": 3.87579607963562, "_step": 201, "fine_tuned_model": "ada:ft-personal-2022-08-24-03-13-24", "status": "succeeded", "_wandb": {"runtime": 24}}