{"elapsed_tokens": 3417.0, "elapsed_examples": 41.0, "training_loss": 0.0784206042996811, "training_sequence_accuracy": 1.0, "training_token_accuracy": 1.0, "validation_loss": 0.0931279716273076, "validation_sequence_accuracy": 0.0, "validation_token_accuracy": 0.6666666666666666, "_timestamp": 1661258990.482371, "_runtime": 3.209017038345337, "_step": 41, "fine_tuned_model": "ada:ft-personal-2022-08-23-12-49-37", "status": "succeeded", "_wandb": {"runtime": 24}}