{"elapsed_tokens": 16569.0, "elapsed_examples": 201.0, "training_loss": 0.0984173749033607, "training_sequence_accuracy": 1.0, "training_token_accuracy": 1.0, "validation_loss": 0.1214267506848136, "validation_sequence_accuracy": 0.0, "validation_token_accuracy": 0.6666666666666666, "_timestamp": 1661302979.631618, "_runtime": 3.2218260765075684, "_step": 201, "fine_tuned_model": "ada:ft-personal-2022-08-24-01-02-47", "status": "succeeded", "_wandb": {"runtime": 22}}