{"elapsed_tokens": 66245.0, "elapsed_examples": 1253.0, "training_loss": 0.0837988319504418, "training_sequence_accuracy": 0.0, "training_token_accuracy": 0.8333333333333334, "validation_loss": 0.1126661115034344, "validation_sequence_accuracy": 0.0, "validation_token_accuracy": 0.8333333333333334, "_timestamp": 1662034878.146973, "_runtime": 3.229966878890991, "_step": 1253, "fine_tuned_model": "ada:ft-lsmoepfl-2022-09-01-12-21-05", "status": "succeeded", "_wandb": {"runtime": 12}}