{"elapsed_tokens": 3425.0, "elapsed_examples": 41.0, "training_loss": 0.1192032465212502, "training_sequence_accuracy": 0.0, "training_token_accuracy": 0.6666666666666666, "validation_loss": 0.1281963675165025, "validation_sequence_accuracy": 1.0, "validation_token_accuracy": 1.0, "_timestamp": 1660971394.581015, "_runtime": 1.800586223602295, "_step": 41, "fine_tuned_model": "davinci:ft-lsmoepfl-2022-08-20-04-56-26", "status": "succeeded", "_wandb": {"runtime": 6}}