{"elapsed_tokens": 356306.0, "elapsed_examples": 4002.0, "training_loss": 0.0666670293684758, "training_sequence_accuracy": 0.5, "training_token_accuracy": 0.8333333333333334, "validation_loss": 0.0582590846537634, "validation_sequence_accuracy": 0.5, "validation_token_accuracy": 0.8333333333333334, "_timestamp": 1661231691.5126789, "_runtime": 3.6523258686065674, "_step": 2001, "fine_tuned_model": "ada:ft-personal-2022-08-23-05-14-38", "status": "succeeded", "_wandb": {"runtime": 26}}