{"elapsed_tokens": 3345.0, "elapsed_examples": 41.0, "training_loss": 0.0877003804881287, "training_sequence_accuracy": 0.0, "training_token_accuracy": 0.6666666666666666, "validation_loss": 0.0877898816691918, "validation_sequence_accuracy": 0.0, "validation_token_accuracy": 0.6666666666666666, "_timestamp": 1661235695.4242282, "_runtime": 3.6186461448669434, "_step": 41, "fine_tuned_model": "ada:ft-personal-2022-08-23-06-21-23", "status": "succeeded", "_wandb": {"runtime": 26}}