{"elapsed_tokens": 31257.0, "elapsed_examples": 401.0, "training_loss": 0.0806190210175701, "training_sequence_accuracy": 1.0, "training_token_accuracy": 1.0, "validation_loss": 0.0802638339516709, "validation_sequence_accuracy": 0.0, "validation_token_accuracy": 0.6666666666666666, "_timestamp": 1660940556.454388, "_runtime": 3.8311100006103516, "_step": 401, "fine_tuned_model": "ada:ft-lsmoepfl-2022-08-19-20-22-26", "status": "succeeded", "_wandb": {"runtime": 10}}