{"elapsed_tokens": 41354.0, "elapsed_examples": 402.0, "training_loss": 0.0290845103988984, "training_sequence_accuracy": 1.0, "training_token_accuracy": 1.0, "validation_loss": 0.0585722351391862, "validation_sequence_accuracy": 0.0, "validation_token_accuracy": 0.6666666666666666, "_timestamp": 1661968049.6395369, "_runtime": 3.008159875869751, "_step": 402, "fine_tuned_model": "ada:ft-lsmoepfl-2022-08-31-17-47-13", "status": "succeeded", "_wandb": {"runtime": 13}}