{"elapsed_tokens": 15810.0, "elapsed_examples": 202.0, "training_loss": 0.07983236489477, "training_sequence_accuracy": 0.0, "training_token_accuracy": 0.6666666666666666, "validation_loss": 0.0869739148226122, "validation_sequence_accuracy": 0.0, "validation_token_accuracy": 0.6666666666666666, "_timestamp": 1661267198.760905, "_runtime": 4.971089124679565, "_step": 202, "fine_tuned_model": "ada:ft-personal-2022-08-23-15-06-22", "status": "succeeded", "_wandb": {"runtime": 33}}