{"elapsed_tokens": 339586.0, "elapsed_examples": 4002.0, "training_loss": 0.0538631941702833, "training_sequence_accuracy": 1.0, "training_token_accuracy": 1.0, "validation_loss": 0.0554748644220817, "validation_sequence_accuracy": 0.5, "validation_token_accuracy": 0.8333333333333334, "_timestamp": 1661230886.458056, "_runtime": 3.651176929473877, "_step": 2001, "fine_tuned_model": "ada:ft-personal-2022-08-23-05-01-13", "status": "succeeded", "_wandb": {"runtime": 26}}