{"elapsed_tokens": 59841.0, "elapsed_examples": 601.0, "training_loss": 0.0191704975543175, "training_sequence_accuracy": 0.0, "training_token_accuracy": 0.6666666666666666, "validation_loss": 0.0384336504452193, "validation_sequence_accuracy": 0.0, "validation_token_accuracy": 0.6666666666666666, "_timestamp": 1662017774.03205, "_runtime": 3.5873308181762695, "_step": 601, "fine_tuned_model": "ada:ft-lsmoepfl-2022-09-01-07-36-00", "status": "succeeded", "_wandb": {"runtime": 12}}