{"elapsed_tokens": 16610.0, "elapsed_examples": 202.0, "training_loss": 0.0745992030831492, "training_sequence_accuracy": 0.0, "training_token_accuracy": 0.6666666666666666, "validation_loss": 0.0772300035750215, "validation_sequence_accuracy": 0.0, "validation_token_accuracy": 0.6666666666666666, "_timestamp": 1661251512.421391, "_runtime": 3.3579959869384766, "_step": 202, "fine_tuned_model": "ada:ft-personal-2022-08-23-10-45-00", "status": "succeeded", "_wandb": {"runtime": 24}}