{"elapsed_tokens": 158482.0, "elapsed_examples": 2002.0, "training_loss": 0.083434185102322, "training_sequence_accuracy": 0.0, "training_token_accuracy": 0.6666666666666666, "validation_loss": 0.0621133112134678, "validation_sequence_accuracy": 1.0, "validation_token_accuracy": 1.0, "_timestamp": 1661268484.964467, "_runtime": 4.687834024429321, "_step": 2002, "fine_tuned_model": "ada:ft-personal-2022-08-23-15-27-47", "status": "succeeded", "_wandb": {"runtime": 25}}