{"elapsed_tokens": 358804.0, "elapsed_examples": 4004.0, "training_loss": 0.0532433658968579, "training_sequence_accuracy": 1.0, "training_token_accuracy": 1.0, "validation_loss": 0.0663579699357339, "validation_sequence_accuracy": 0.5, "validation_token_accuracy": 0.8333333333333334, "_timestamp": 1661196520.803477, "_runtime": 4.005345106124878, "_step": 2002, "fine_tuned_model": "ada:ft-personal-2022-08-22-19-28-30", "status": "succeeded", "_wandb": {"runtime": 11}}