{"elapsed_tokens": 66529.0, "elapsed_examples": 801.0, "training_loss": 0.0639793875888926, "training_sequence_accuracy": 1.0, "training_token_accuracy": 1.0, "validation_loss": 0.0851226587728011, "validation_sequence_accuracy": 0.0, "validation_token_accuracy": 0.6666666666666666, "_timestamp": 1661268083.8006132, "_runtime": 4.179020166397095, "_step": 801, "fine_tuned_model": "ada:ft-personal-2022-08-23-15-21-09", "status": "succeeded", "_wandb": {"runtime": 26}}