{"elapsed_tokens": 63913.0, "elapsed_examples": 801.0, "training_loss": 0.0644430235435064, "training_sequence_accuracy": 1.0, "training_token_accuracy": 1.0, "validation_loss": 0.0731648939005956, "validation_sequence_accuracy": 0.0, "validation_token_accuracy": 0.6666666666666666, "_timestamp": 1660964961.908294, "_runtime": 1.8850090503692627, "_step": 801, "fine_tuned_model": "ada:ft-lsmoepfl-2022-08-20-03-09-14", "status": "succeeded", "_wandb": {"runtime": 7}}