{"elapsed_tokens": 726116.0, "elapsed_examples": 8004.0, "training_loss": 0.0543923367430834, "training_sequence_accuracy": 1.0, "training_token_accuracy": 1.0, "validation_loss": 0.0557655518072968, "validation_sequence_accuracy": 0.75, "validation_token_accuracy": 0.9166666666666666, "_timestamp": 1661240198.740708, "_runtime": 3.920692205429077, "_step": 2001, "fine_tuned_model": "ada:ft-personal-2022-08-23-07-35-55", "status": "succeeded", "_wandb": {"runtime": 27}}