{"elapsed_tokens": 62986.0, "elapsed_examples": 602.0, "training_loss": 0.0287221406000696, "training_sequence_accuracy": 0.0, "training_token_accuracy": 0.6666666666666666, "validation_loss": 0.0429585575885326, "validation_sequence_accuracy": 0.0, "validation_token_accuracy": 0.6666666666666666, "_timestamp": 1661986364.366427, "_runtime": 3.1578209400177, "_step": 602, "fine_tuned_model": "ada:ft-lsmoepfl-2022-08-31-22-52-31", "status": "succeeded", "_wandb": {"runtime": 12}}