{"elapsed_tokens": 19937.0, "elapsed_examples": 401.0, "training_loss": 0.0146776330572796, "training_sequence_accuracy": 1.0, "training_token_accuracy": 1.0, "validation_loss": 0.0847293895491342, "validation_sequence_accuracy": 0.0, "validation_token_accuracy": 0.6666666666666666, "_timestamp": 1661954152.904456, "_runtime": 5.3919289112091064, "_step": 401, "fine_tuned_model": "ada:ft-lsmoepfl-2022-08-31-13-55-38", "status": "succeeded", "_wandb": {"runtime": 15}}