{"elapsed_tokens": 341282.0, "elapsed_examples": 4002.0, "training_loss": 0.0699328624532087, "training_sequence_accuracy": 0.5, "training_token_accuracy": 0.8333333333333334, "validation_loss": 0.0522781118812946, "validation_sequence_accuracy": 1.0, "validation_token_accuracy": 1.0, "_timestamp": 1660966651.58956, "_runtime": 2.8187389373779297, "_step": 2001, "fine_tuned_model": "ada:ft-lsmoepfl-2022-08-20-03-37-22", "status": "succeeded", "_wandb": {"runtime": 9}}