{"elapsed_tokens": 3201.0, "elapsed_examples": 41.0, "training_loss": 0.0738799530865931, "training_sequence_accuracy": 1.0, "training_token_accuracy": 1.0, "validation_loss": 0.1326909122552024, "validation_sequence_accuracy": 0.0, "validation_token_accuracy": 0.6666666666666666, "_timestamp": 1660937987.374068, "_runtime": 3.413835048675537, "_step": 41, "fine_tuned_model": "ada:ft-lsmoepfl-2022-08-19-19-39-38", "status": "succeeded", "_wandb": {"runtime": 9}}