{"elapsed_tokens": 31977.0, "elapsed_examples": 401.0, "training_loss": 0.0793483467185761, "training_sequence_accuracy": 0.0, "training_token_accuracy": 0.6666666666666666, "validation_loss": 0.076344763086714, "validation_sequence_accuracy": 0.0, "validation_token_accuracy": 0.6666666666666666, "_timestamp": 1661211513.053118, "_runtime": 7.217065095901489, "_step": 401, "fine_tuned_model": "ada:ft-personal-2022-08-22-23-38-15", "status": "succeeded", "_wandb": {"runtime": 24}}