{"elapsed_tokens": 216429.0, "elapsed_examples": 2101.0, "training_loss": 0.00510727044588, "training_sequence_accuracy": 1.0, "training_token_accuracy": 1.0, "validation_loss": 0.0346804915524227, "validation_sequence_accuracy": 0.0, "validation_token_accuracy": 0.6666666666666666, "_timestamp": 1662018981.795742, "_runtime": 3.968111991882324, "_step": 2101, "fine_tuned_model": "ada:ft-lsmoepfl-2022-09-01-07-56-00", "status": "succeeded", "_wandb": {"runtime": 13}}