{"elapsed_tokens": 158177.0, "elapsed_examples": 2001.0, "training_loss": 0.0631232381862507, "training_sequence_accuracy": 1.0, "training_token_accuracy": 1.0, "validation_loss": 0.0941387433782187, "validation_sequence_accuracy": 0.0, "validation_token_accuracy": 0.6666666666666666, "_timestamp": 1661222146.671765, "_runtime": 3.63773512840271, "_step": 2001, "fine_tuned_model": "ada:ft-personal-2022-08-23-02-35-33", "status": "succeeded", "_wandb": {"runtime": 25}}