{"elapsed_tokens": 16705.0, "elapsed_examples": 201.0, "training_loss": 0.0733306959606001, "training_sequence_accuracy": 0.0, "training_token_accuracy": 0.6666666666666666, "validation_loss": 0.077917080461118, "validation_sequence_accuracy": 0.0, "validation_token_accuracy": 0.6666666666666666, "_timestamp": 1660964488.655309, "_runtime": 2.2476909160614014, "_step": 201, "fine_tuned_model": "ada:ft-lsmoepfl-2022-08-20-03-01-19", "status": "succeeded", "_wandb": {"runtime": 9}}