{"elapsed_tokens": 10025.0, "elapsed_examples": 201.0, "training_loss": 0.0971713934270762, "training_sequence_accuracy": 1.0, "training_token_accuracy": 1.0, "validation_loss": 0.086631613056878, "validation_sequence_accuracy": 0.0, "validation_token_accuracy": 0.6666666666666666, "_timestamp": 1661963369.1289191, "_runtime": 2.930270195007324, "_step": 201, "fine_tuned_model": "ada:ft-lsmoepfl-2022-08-31-16-29-16", "status": "succeeded", "_wandb": {"runtime": 12}}