{"elapsed_tokens": 10086.0, "elapsed_examples": 102.0, "training_loss": 0.0509596455726319, "training_sequence_accuracy": 0.0, "training_token_accuracy": 0.6666666666666666, "validation_loss": 0.0741665138863898, "validation_sequence_accuracy": 1.0, "validation_token_accuracy": 1.0, "_timestamp": 1661964403.89787, "_runtime": 3.9163949489593506, "_step": 102, "fine_tuned_model": "ada:ft-lsmoepfl-2022-08-31-16-46-29", "status": "succeeded", "_wandb": {"runtime": 13}}