{"elapsed_tokens": 342020.0, "elapsed_examples": 4004.0, "training_loss": 0.0568827008565553, "training_sequence_accuracy": 1.0, "training_token_accuracy": 1.0, "validation_loss": 0.0647568079404249, "validation_sequence_accuracy": 1.0, "validation_token_accuracy": 1.0, "_timestamp": 1660944768.0038831, "_runtime": 3.2210772037506104, "_step": 2002, "fine_tuned_model": "ada:ft-lsmoepfl-2022-08-19-21-32-38", "status": "succeeded", "_wandb": {"runtime": 11}}