{"elapsed_tokens": 357524.0, "elapsed_examples": 4004.0, "training_loss": 0.0940844644593063, "training_sequence_accuracy": 0.0, "training_token_accuracy": 0.75, "validation_loss": 0.0935465272940076, "validation_sequence_accuracy": 0.0, "validation_token_accuracy": 0.8333333333333334, "_timestamp": 1661335662.788237, "_runtime": 3.8706769943237305, "_step": 2002, "fine_tuned_model": "ada:ft-personal-2022-08-24-10-07-28", "status": "succeeded", "_wandb": {"runtime": 26}}