{"elapsed_tokens": 10790.0, "elapsed_examples": 102.0, "training_loss": 0.0778131869916541, "training_sequence_accuracy": 0.0, "training_token_accuracy": 0.6666666666666666, "validation_loss": 0.0407002949129491, "validation_sequence_accuracy": 1.0, "validation_token_accuracy": 1.0, "_timestamp": 1661978924.7395961, "_runtime": 3.300215244293213, "_step": 102, "fine_tuned_model": "ada:ft-lsmoepfl-2022-08-31-20-48-29", "status": "succeeded", "_wandb": {"runtime": 12}}