{"elapsed_tokens": 3465.0, "elapsed_examples": 41.0, "training_loss": 0.0737521086656973, "training_sequence_accuracy": 1.0, "training_token_accuracy": 1.0, "validation_loss": 0.0920571237975915, "validation_sequence_accuracy": 0.0, "validation_token_accuracy": 0.6666666666666666, "_timestamp": 1660936318.6168609, "_runtime": 3.925421953201294, "_step": 41, "fine_tuned_model": "ada:ft-lsmoepfl-2022-08-19-19-11-47", "status": "succeeded", "_wandb": {"runtime": 14}}