{"elapsed_tokens": 3314.0, "elapsed_examples": 42.0, "training_loss": 0.0786452241174023, "training_sequence_accuracy": 0.0, "training_token_accuracy": 0.6666666666666666, "validation_loss": 0.0852089102957203, "validation_sequence_accuracy": 1.0, "validation_token_accuracy": 1.0, "_timestamp": 1660934093.32657, "_runtime": 4.1217429637908936, "_step": 42, "fine_tuned_model": "ada:ft-lsmoepfl-2022-08-19-18-34-43", "status": "succeeded", "_wandb": {"runtime": 12}}