{"elapsed_tokens": 3193.0, "elapsed_examples": 41.0, "training_loss": 0.0847659264848334, "training_sequence_accuracy": 0.0, "training_token_accuracy": 0.6666666666666666, "validation_loss": 0.0944333571041675, "validation_sequence_accuracy": 0.0, "validation_token_accuracy": 0.6666666666666666, "_timestamp": 1660935788.331212, "_runtime": 2.866081953048706, "_step": 41, "fine_tuned_model": "ada:ft-lsmoepfl-2022-08-19-19-03-01", "status": "succeeded", "_wandb": {"runtime": 8}}