{"elapsed_tokens": 16986.0, "elapsed_examples": 202.0, "training_loss": 0.0719856615426692, "training_sequence_accuracy": 0.0, "training_token_accuracy": 0.6666666666666666, "validation_loss": 0.0851318838239456, "validation_sequence_accuracy": 0.0, "validation_token_accuracy": 0.6666666666666666, "_timestamp": 1661611909.857505, "_runtime": 2.827018976211548, "_step": 202, "fine_tuned_model": "davinci:ft-lsmoepfl-2022-08-27-14-51-38", "status": "succeeded", "_wandb": {"runtime": 19}}