{"elapsed_tokens": 66417.0, "elapsed_examples": 801.0, "training_loss": 0.1011501955673131, "training_sequence_accuracy": 0.0, "training_token_accuracy": 0.6666666666666666, "validation_loss": 0.0973638500817298, "validation_sequence_accuracy": 0.0, "validation_token_accuracy": 0.8333333333333334, "_timestamp": 1661326647.902276, "_runtime": 3.5988590717315674, "_step": 801, "fine_tuned_model": "ada:ft-personal-2022-08-24-07-37-13", "status": "succeeded", "_wandb": {"runtime": 25}}