{"elapsed_tokens": 16201.0, "elapsed_examples": 201.0, "training_loss": 0.0667089547999365, "training_sequence_accuracy": 1.0, "training_token_accuracy": 1.0, "validation_loss": 0.0795714438789407, "validation_sequence_accuracy": 0.0, "validation_token_accuracy": 0.6666666666666666, "_timestamp": 1660956705.808757, "_runtime": 1.9545180797576904, "_step": 201, "fine_tuned_model": "davinci:ft-lsmoepfl-2022-08-20-00-51-38", "status": "succeeded", "_wandb": {"runtime": 7}}