{"elapsed_tokens": 759688.0, "elapsed_examples": 8008.0, "training_loss": 0.0891941907173221, "training_sequence_accuracy": 0.0, "training_token_accuracy": 0.7916666666666666, "validation_loss": 0.0873240057664907, "validation_sequence_accuracy": 0.0, "validation_token_accuracy": 0.75, "_timestamp": 1661309429.9976, "_runtime": 4.120516061782837, "_step": 2002, "fine_tuned_model": "ada:ft-personal-2022-08-24-02-50-13", "status": "succeeded", "_wandb": {"runtime": 28}}