{"elapsed_tokens": 33689.0, "elapsed_examples": 401.0, "training_loss": 0.065918789207759, "training_sequence_accuracy": 1.0, "training_token_accuracy": 1.0, "validation_loss": 0.0775709423068685, "validation_sequence_accuracy": 0.0, "validation_token_accuracy": 0.6666666666666666, "_timestamp": 1661259635.632599, "_runtime": 3.6232361793518066, "_step": 401, "fine_tuned_model": "ada:ft-personal-2022-08-23-13-00-22", "status": "succeeded", "_wandb": {"runtime": 25}}