{"elapsed_tokens": 166122.0, "elapsed_examples": 2002.0, "training_loss": 0.0652423648372418, "training_sequence_accuracy": 1.0, "training_token_accuracy": 1.0, "validation_loss": 0.0734407067996355, "validation_sequence_accuracy": 0.0, "validation_token_accuracy": 0.6666666666666666, "_timestamp": 1660943989.501943, "_runtime": 2.9807732105255127, "_step": 2002, "fine_tuned_model": "ada:ft-lsmoepfl-2022-08-19-21-19-38", "status": "succeeded", "_wandb": {"runtime": 9}}