{"elapsed_tokens": 32538.0, "elapsed_examples": 402.0, "training_loss": 0.0902352109464547, "training_sequence_accuracy": 0.0, "training_token_accuracy": 0.6666666666666666, "validation_loss": 0.0743796534170371, "validation_sequence_accuracy": 1.0, "validation_token_accuracy": 1.0, "_timestamp": 1661251677.4066591, "_runtime": 3.428802013397217, "_step": 402, "fine_tuned_model": "ada:ft-personal-2022-08-23-10-47-44", "status": "succeeded", "_wandb": {"runtime": 47}}