{"elapsed_tokens": 2481.0, "elapsed_examples": 81.0, "training_loss": 0.1015396112912336, "training_sequence_accuracy": 0.0, "training_token_accuracy": 0.6666666666666666, "validation_loss": 0.0472258352256358, "validation_sequence_accuracy": 1.0, "validation_token_accuracy": 1.0, "_timestamp": 1661965581.7035148, "_runtime": 3.0185348987579346, "_step": 81, "fine_tuned_model": "ada:ft-lsmoepfl-2022-08-31-17-06-08", "status": "succeeded", "_wandb": {"runtime": 12}}