{"elapsed_tokens": 105574.0, "elapsed_examples": 2102.0, "training_loss": 0.0138795671645641, "training_sequence_accuracy": 1.0, "training_token_accuracy": 1.0, "validation_loss": 0.0311748875673795, "validation_sequence_accuracy": 1.0, "validation_token_accuracy": 1.0, "_timestamp": 1662017078.6598358, "_runtime": 3.9529378414154053, "_step": 2102, "fine_tuned_model": "ada:ft-lsmoepfl-2022-09-01-07-24-24", "status": "succeeded", "_wandb": {"runtime": 13}}