{"elapsed_tokens": 65881.0, "elapsed_examples": 801.0, "training_loss": 0.1012054753088829, "training_sequence_accuracy": 0.0, "training_token_accuracy": 0.8333333333333334, "validation_loss": 0.0948250803827863, "validation_sequence_accuracy": 0.0, "validation_token_accuracy": 0.6666666666666666, "_timestamp": 1661334447.113857, "_runtime": 3.4101390838623047, "_step": 801, "fine_tuned_model": "ada:ft-personal-2022-08-24-09-47-12", "status": "succeeded", "_wandb": {"runtime": 25}}