{"elapsed_tokens": 31738.0, "elapsed_examples": 402.0, "training_loss": 0.0751612388926465, "training_sequence_accuracy": 0.0, "training_token_accuracy": 0.6666666666666666, "validation_loss": 0.068851464399277, "validation_sequence_accuracy": 1.0, "validation_token_accuracy": 1.0, "_timestamp": 1661267397.063811, "_runtime": 4.44248104095459, "_step": 402, "fine_tuned_model": "ada:ft-personal-2022-08-23-15-09-35", "status": "succeeded", "_wandb": {"runtime": 32}}