{"elapsed_tokens": 3458.0, "elapsed_examples": 42.0, "training_loss": 0.0854975760335947, "training_sequence_accuracy": 0.0, "training_token_accuracy": 0.6666666666666666, "validation_loss": 0.1033773313847632, "validation_sequence_accuracy": 0.0, "validation_token_accuracy": 0.6666666666666666, "_timestamp": 1661220502.77848, "_runtime": 3.209273099899292, "_step": 42, "fine_tuned_model": "ada:ft-personal-2022-08-23-02-08-11", "status": "succeeded", "_wandb": {"runtime": 26}}