{"elapsed_tokens": 166082.0, "elapsed_examples": 2002.0, "training_loss": 0.0898689890792795, "training_sequence_accuracy": 0.0, "training_token_accuracy": 0.8333333333333334, "validation_loss": 0.1079250729295229, "validation_sequence_accuracy": 0.0, "validation_token_accuracy": 0.6666666666666666, "_timestamp": 1661315497.3874161, "_runtime": 3.7999022006988525, "_step": 2002, "fine_tuned_model": "ada:ft-personal-2022-08-24-04-31-21", "status": "succeeded", "_wandb": {"runtime": 26}}