{"elapsed_tokens": 3577.0, "elapsed_examples": 41.0, "training_loss": 0.0809812047114974, "training_sequence_accuracy": 0.0, "training_token_accuracy": 0.6666666666666666, "validation_loss": 0.1055497713581038, "validation_sequence_accuracy": 0.0, "validation_token_accuracy": 0.6666666666666666, "_timestamp": 1660938689.440011, "_runtime": 2.1666200160980225, "_step": 41, "fine_tuned_model": "ada:ft-lsmoepfl-2022-08-19-19-51-22", "status": "succeeded", "_wandb": {"runtime": 8}}