{"elapsed_tokens": 4193.0, "elapsed_examples": 41.0, "training_loss": 0.0690756268237464, "training_sequence_accuracy": 1.0, "training_token_accuracy": 1.0, "validation_loss": 0.1062419149421552, "validation_sequence_accuracy": 0.0, "validation_token_accuracy": 0.6666666666666666, "_timestamp": 1661955222.565702, "_runtime": 5.712651968002319, "_step": 41, "fine_tuned_model": "ada:ft-lsmoepfl-2022-08-31-14-13-26", "status": "succeeded", "_wandb": {"runtime": 23}}