{"elapsed_tokens": 3450.0, "elapsed_examples": 42.0, "training_loss": 0.0719729631720838, "training_sequence_accuracy": 1.0, "training_token_accuracy": 1.0, "validation_loss": 0.0852258746037617, "validation_sequence_accuracy": 0.0, "validation_token_accuracy": 0.6666666666666666, "_timestamp": 1660942333.58955, "_runtime": 3.0406830310821533, "_step": 42, "fine_tuned_model": "ada:ft-lsmoepfl-2022-08-19-20-52-04", "status": "succeeded", "_wandb": {"runtime": 8}}