{"elapsed_tokens": 759592.0, "elapsed_examples": 8008.0, "training_loss": 0.0766409274396598, "training_sequence_accuracy": 0.25, "training_token_accuracy": 0.8333333333333334, "validation_loss": 0.0847084574889179, "validation_sequence_accuracy": 0.0, "validation_token_accuracy": 0.7916666666666666, "_timestamp": 1661332626.9692538, "_runtime": 3.4701766967773438, "_step": 2002, "fine_tuned_model": "ada:ft-personal-2022-08-24-09-16-49", "status": "succeeded", "_wandb": {"runtime": 28}}