{"elapsed_tokens": 158113.0, "elapsed_examples": 2001.0, "training_loss": 0.0620066228827441, "training_sequence_accuracy": 1.0, "training_token_accuracy": 1.0, "validation_loss": 0.0794358698472687, "validation_sequence_accuracy": 0.0, "validation_token_accuracy": 0.6666666666666666, "_timestamp": 1661229678.987919, "_runtime": 3.8180370330810547, "_step": 2001, "fine_tuned_model": "ada:ft-personal-2022-08-23-04-41-05", "status": "succeeded", "_wandb": {"runtime": 26}}