{"elapsed_tokens": 166882.0, "elapsed_examples": 2002.0, "training_loss": 0.0929151562321232, "training_sequence_accuracy": 0.0, "training_token_accuracy": 0.8333333333333334, "validation_loss": 0.0923008732724997, "validation_sequence_accuracy": 0.0, "validation_token_accuracy": 0.8333333333333334, "_timestamp": 1661293659.8168168, "_runtime": 4.212515830993652, "_step": 2002, "fine_tuned_model": "ada:ft-personal-2022-08-23-22-27-22", "status": "succeeded", "_wandb": {"runtime": 38}}