{"elapsed_tokens": 33698.0, "elapsed_examples": 402.0, "training_loss": 0.1120669742968221, "training_sequence_accuracy": 0.0, "training_token_accuracy": 0.8333333333333334, "validation_loss": 0.1169751231361072, "validation_sequence_accuracy": 0.0, "validation_token_accuracy": 0.8333333333333334, "_timestamp": 1661314857.75421, "_runtime": 3.751732110977173, "_step": 402, "fine_tuned_model": "ada:ft-personal-2022-08-24-04-20-43", "status": "succeeded", "_wandb": {"runtime": 25}}