{"elapsed_tokens": 15769.0, "elapsed_examples": 201.0, "training_loss": 0.0669842957899663, "training_sequence_accuracy": 1.0, "training_token_accuracy": 1.0, "validation_loss": 0.0951828744100876, "validation_sequence_accuracy": 0.0, "validation_token_accuracy": 0.6666666666666666, "_timestamp": 1660956360.255114, "_runtime": 1.8824901580810547, "_step": 201, "fine_tuned_model": "davinci:ft-lsmoepfl-2022-08-20-00-45-52", "status": "succeeded", "_wandb": {"runtime": 7}}