{"elapsed_tokens": 143858.0, "elapsed_examples": 1402.0, "training_loss": 0.0094571130517766, "training_sequence_accuracy": 1.0, "training_token_accuracy": 1.0, "validation_loss": 0.035222967992646, "validation_sequence_accuracy": 0.0, "validation_token_accuracy": 0.6666666666666666, "_timestamp": 1661960537.878431, "_runtime": 3.5133020877838135, "_step": 1402, "fine_tuned_model": "ada:ft-lsmoepfl-2022-08-31-15-42-02", "status": "succeeded", "_wandb": {"runtime": 15}}