{"elapsed_tokens": 721992.0, "elapsed_examples": 8008.0, "training_loss": 0.0555392341099909, "training_sequence_accuracy": 0.75, "training_token_accuracy": 0.9166666666666666, "validation_loss": 0.0528645805248182, "validation_sequence_accuracy": 1.0, "validation_token_accuracy": 1.0, "_timestamp": 1660946346.716748, "_runtime": 2.6831820011138916, "_step": 2002, "fine_tuned_model": "ada:ft-lsmoepfl-2022-08-19-21-58-56", "status": "succeeded", "_wandb": {"runtime": 8}}