{"elapsed_tokens": 33377.0, "elapsed_examples": 401.0, "training_loss": 0.0798286899400847, "training_sequence_accuracy": 0.0, "training_token_accuracy": 0.6666666666666666, "validation_loss": 0.0712542115047659, "validation_sequence_accuracy": 0.0, "validation_token_accuracy": 0.6666666666666666, "_timestamp": 1660940700.162441, "_runtime": 3.8600380420684814, "_step": 401, "fine_tuned_model": "ada:ft-lsmoepfl-2022-08-19-20-24-50", "status": "succeeded", "_wandb": {"runtime": 10}}