{"elapsed_tokens": 67658.0, "elapsed_examples": 802.0, "training_loss": 0.0565243990705823, "training_sequence_accuracy": 1.0, "training_token_accuracy": 1.0, "validation_loss": 0.0729732024031521, "validation_sequence_accuracy": 0.0, "validation_token_accuracy": 0.6666666666666666, "_timestamp": 1660943249.8257012, "_runtime": 5.583475351333618, "_step": 802, "fine_tuned_model": "ada:ft-lsmoepfl-2022-08-19-21-07-18", "status": "succeeded", "_wandb": {"runtime": 12}}