{"elapsed_tokens": 166953.0, "elapsed_examples": 2001.0, "training_loss": 0.096107267383591, "training_sequence_accuracy": 0.0, "training_token_accuracy": 0.6666666666666666, "validation_loss": 0.0983802900730388, "validation_sequence_accuracy": 0.0, "validation_token_accuracy": 0.6666666666666666, "_timestamp": 1661253165.1020658, "_runtime": 3.487400770187378, "_step": 2001, "fine_tuned_model": "ada:ft-personal-2022-08-23-11-12-31", "status": "succeeded", "_wandb": {"runtime": 28}}