{"elapsed_tokens": 80913.0, "elapsed_examples": 801.0, "training_loss": 0.0171215013695216, "training_sequence_accuracy": 1.0, "training_token_accuracy": 1.0, "validation_loss": 0.0172376395222623, "validation_sequence_accuracy": 0.0, "validation_token_accuracy": 0.6666666666666666, "_timestamp": 1661959885.1558468, "_runtime": 3.5815517902374268, "_step": 801, "fine_tuned_model": "ada:ft-lsmoepfl-2022-08-31-15-31-09", "status": "succeeded", "_wandb": {"runtime": 14}}