{"elapsed_tokens": 1109.0, "elapsed_examples": 21.0, "training_loss": 0.2863407040676975, "training_sequence_accuracy": 0.0, "training_token_accuracy": 0.6666666666666666, "validation_loss": 0.248326828125646, "validation_sequence_accuracy": 1.0, "validation_token_accuracy": 1.0, "_timestamp": 1661962912.889708, "_runtime": 3.3891730308532715, "_step": 21, "fine_tuned_model": "ada:ft-lsmoepfl-2022-08-31-16-21-40", "status": "succeeded", "_wandb": {"runtime": 13}}