{"elapsed_tokens": 10233.0, "elapsed_examples": 201.0, "training_loss": 0.0588455784398017, "training_sequence_accuracy": 0.0, "training_token_accuracy": 0.6666666666666666, "validation_loss": 0.1127854595928381, "validation_sequence_accuracy": 0.0, "validation_token_accuracy": 0.6666666666666666, "_timestamp": 1661980837.254199, "_runtime": 3.1585021018981934, "_step": 201, "fine_tuned_model": "ada:ft-lsmoepfl-2022-08-31-21-20-21", "status": "succeeded", "_wandb": {"runtime": 11}}