{"elapsed_tokens": 341346.0, "elapsed_examples": 4002.0, "training_loss": 0.063199989086462, "training_sequence_accuracy": 0.5, "training_token_accuracy": 0.8333333333333334, "validation_loss": 0.0634749751347899, "validation_sequence_accuracy": 1.0, "validation_token_accuracy": 1.0, "_timestamp": 1661195752.830485, "_runtime": 4.8171021938323975, "_step": 2001, "fine_tuned_model": "ada:ft-personal-2022-08-22-19-15-41", "status": "succeeded", "_wandb": {"runtime": 12}}