{"elapsed_tokens": 3265.0, "elapsed_examples": 41.0, "training_loss": 0.0851617646531126, "training_sequence_accuracy": 1.0, "training_token_accuracy": 1.0, "validation_loss": 0.1221243962698483, "validation_sequence_accuracy": 0.0, "validation_token_accuracy": 0.6666666666666666, "_timestamp": 1661610914.58194, "_runtime": 3.640683889389038, "_step": 41, "fine_tuned_model": "davinci:ft-lsmoepfl-2022-08-27-14-35-02", "status": "succeeded", "_wandb": {"runtime": 21}}