{"elapsed_tokens": 1053.0, "elapsed_examples": 21.0, "training_loss": 0.2944002814356645, "training_sequence_accuracy": 0.0, "training_token_accuracy": 0.6666666666666666, "validation_loss": 0.3320141733556284, "validation_sequence_accuracy": 0.0, "validation_token_accuracy": 0.6666666666666666, "_timestamp": 1661977163.351495, "_runtime": 4.15575909614563, "_step": 21, "fine_tuned_model": "ada:ft-lsmoepfl-2022-08-31-20-19-09", "status": "succeeded", "_wandb": {"runtime": 12}}