{"elapsed_tokens": 21274.0, "elapsed_examples": 202.0, "training_loss": 0.0464621483740162, "training_sequence_accuracy": 0.0, "training_token_accuracy": 0.6666666666666666, "validation_loss": 0.0804267977650681, "validation_sequence_accuracy": 0.0, "validation_token_accuracy": 0.6666666666666666, "_timestamp": 1661959316.231803, "_runtime": 3.4718408584594727, "_step": 202, "fine_tuned_model": "ada:ft-lsmoepfl-2022-08-31-15-21-42", "status": "succeeded", "_wandb": {"runtime": 13}}