{"elapsed_tokens": 758248.0, "elapsed_examples": 8008.0, "training_loss": 0.0866222586154605, "training_sequence_accuracy": 0.25, "training_token_accuracy": 0.8333333333333334, "validation_loss": 0.0830836341758143, "validation_sequence_accuracy": 0.0, "validation_token_accuracy": 0.75, "_timestamp": 1661324850.327719, "_runtime": 3.6160449981689453, "_step": 2002, "fine_tuned_model": "ada:ft-personal-2022-08-24-07-07-15", "status": "succeeded", "_wandb": {"runtime": 26}}