{"elapsed_tokens": 3233.0, "elapsed_examples": 41.0, "training_loss": 0.0663248708083053, "training_sequence_accuracy": 1.0, "training_token_accuracy": 1.0, "validation_loss": 0.0963388970229061, "validation_sequence_accuracy": 0.0, "validation_token_accuracy": 0.6666666666666666, "_timestamp": 1660936926.089528, "_runtime": 2.3855772018432617, "_step": 41, "fine_tuned_model": "ada:ft-lsmoepfl-2022-08-19-19-21-59", "status": "succeeded", "_wandb": {"runtime": 10}}