{"elapsed_tokens": 166385.0, "elapsed_examples": 2001.0, "training_loss": 0.0642154971818424, "training_sequence_accuracy": 1.0, "training_token_accuracy": 1.0, "validation_loss": 0.0679530132704506, "validation_sequence_accuracy": 0.0, "validation_token_accuracy": 0.6666666666666666, "_timestamp": 1661230076.041321, "_runtime": 3.842426061630249, "_step": 2001, "fine_tuned_model": "ada:ft-personal-2022-08-23-04-47-42", "status": "succeeded", "_wandb": {"runtime": 34}}