{"elapsed_tokens": 3794.0, "elapsed_examples": 42.0, "training_loss": 0.0716063465977309, "training_sequence_accuracy": 1.0, "training_token_accuracy": 1.0, "validation_loss": 0.0972737721929496, "validation_sequence_accuracy": 0.0, "validation_token_accuracy": 0.6666666666666666, "_timestamp": 1660934960.518487, "_runtime": 2.5019800662994385, "_step": 42, "fine_tuned_model": "ada:ft-lsmoepfl-2022-08-19-18-49-13", "status": "succeeded", "_wandb": {"runtime": 7}}