{"elapsed_tokens": 66594.0, "elapsed_examples": 802.0, "training_loss": 0.1017644062733325, "training_sequence_accuracy": 0.0, "training_token_accuracy": 0.6666666666666666, "validation_loss": 0.120639418271395, "validation_sequence_accuracy": 0.0, "validation_token_accuracy": 0.8333333333333334, "_timestamp": 1661293251.1930728, "_runtime": 3.606973886489868, "_step": 802, "fine_tuned_model": "ada:ft-personal-2022-08-23-22-20-37", "status": "succeeded", "_wandb": {"runtime": 32}}