{"elapsed_tokens": 30929.0, "elapsed_examples": 401.0, "training_loss": 0.0712075223283401, "training_sequence_accuracy": 0.0, "training_token_accuracy": 0.6666666666666666, "validation_loss": 0.073791510350951, "validation_sequence_accuracy": 0.0, "validation_token_accuracy": 0.6666666666666666, "_timestamp": 1661220954.1377332, "_runtime": 3.1006321907043457, "_step": 401, "fine_tuned_model": "ada:ft-personal-2022-08-23-02-15-43", "status": "succeeded", "_wandb": {"runtime": 25}}