{"elapsed_tokens": 31161.0, "elapsed_examples": 401.0, "training_loss": 0.0731146664566241, "training_sequence_accuracy": 0.0, "training_token_accuracy": 0.6666666666666666, "validation_loss": 0.0678528117064161, "validation_sequence_accuracy": 1.0, "validation_token_accuracy": 1.0, "_timestamp": 1660949656.287824, "_runtime": 1.939903974533081, "_step": 401, "fine_tuned_model": "davinci:ft-lsmoepfl-2022-08-19-22-54-09", "status": "succeeded", "_wandb": {"runtime": 6}}