{"elapsed_tokens": 3378.0, "elapsed_examples": 42.0, "training_loss": 0.0870769894489967, "training_sequence_accuracy": 0.0, "training_token_accuracy": 0.6666666666666666, "validation_loss": 0.0898905165733594, "validation_sequence_accuracy": 0.0, "validation_token_accuracy": 0.6666666666666666, "_timestamp": 1660937127.977203, "_runtime": 2.6287219524383545, "_step": 42, "fine_tuned_model": "ada:ft-lsmoepfl-2022-08-19-19-25-20", "status": "succeeded", "_wandb": {"runtime": 7}}