{"elapsed_tokens": 33530.0, "elapsed_examples": 402.0, "training_loss": 0.0737609757614488, "training_sequence_accuracy": 0.0, "training_token_accuracy": 0.6666666666666666, "validation_loss": 0.0793449517630342, "validation_sequence_accuracy": 0.0, "validation_token_accuracy": 0.6666666666666666, "_timestamp": 1661228828.239447, "_runtime": 3.1386301517486572, "_step": 402, "fine_tuned_model": "ada:ft-personal-2022-08-23-04-26-56", "status": "succeeded", "_wandb": {"runtime": 24}}