{"elapsed_tokens": 359154.0, "elapsed_examples": 4002.0, "training_loss": 0.0863251004387744, "training_sequence_accuracy": 0.0, "training_token_accuracy": 0.8333333333333334, "validation_loss": 0.1075994103605365, "validation_sequence_accuracy": 0.0, "validation_token_accuracy": 0.6666666666666666, "_timestamp": 1661304661.852552, "_runtime": 6.003852844238281, "_step": 2001, "fine_tuned_model": "ada:ft-personal-2022-08-24-01-30-36", "status": "succeeded", "_wandb": {"runtime": 46}}