{"elapsed_tokens": 62761.0, "elapsed_examples": 801.0, "training_loss": 0.0614094678265574, "training_sequence_accuracy": 1.0, "training_token_accuracy": 1.0, "validation_loss": 0.0736997725795868, "validation_sequence_accuracy": 0.0, "validation_token_accuracy": 0.6666666666666666, "_timestamp": 1660822005.390343, "_runtime": 3.3657338619232178, "_step": 801, "fine_tuned_model": "ada:ft-lsmoepfl-2022-08-18-11-26-33", "status": "succeeded", "_wandb": {"runtime": 22}}