{"elapsed_tokens": 3145.0, "elapsed_examples": 41.0, "training_loss": 0.0871742154871753, "training_sequence_accuracy": 1.0, "training_token_accuracy": 1.0, "validation_loss": 0.0973614818520824, "validation_sequence_accuracy": 0.0, "validation_token_accuracy": 0.6666666666666666, "_timestamp": 1660912868.404617, "_runtime": 2.2671871185302734, "_step": 41, "fine_tuned_model": "ada:ft-lsmoepfl-2022-08-19-12-41-01", "status": "succeeded", "_wandb": {"runtime": 8}}