{"elapsed_tokens": 33633.0, "elapsed_examples": 401.0, "training_loss": 0.0796407410450689, "training_sequence_accuracy": 0.0, "training_token_accuracy": 0.6666666666666666, "validation_loss": 0.0732108070770956, "validation_sequence_accuracy": 1.0, "validation_token_accuracy": 1.0, "_timestamp": 1661211693.4545689, "_runtime": 8.027675867080688, "_step": 401, "fine_tuned_model": "ada:ft-personal-2022-08-22-23-41-04", "status": "succeeded", "_wandb": {"runtime": 27}}