{"elapsed_tokens": 33113.0, "elapsed_examples": 401.0, "training_loss": 0.0723339608681271, "training_sequence_accuracy": 0.0, "training_token_accuracy": 0.6666666666666666, "validation_loss": 0.082351160187892, "validation_sequence_accuracy": 0.0, "validation_token_accuracy": 0.6666666666666666, "_timestamp": 1661267590.89363, "_runtime": 4.727870941162109, "_step": 401, "fine_tuned_model": "ada:ft-personal-2022-08-23-15-12-53", "status": "succeeded", "_wandb": {"runtime": 34}}