{"elapsed_tokens": 360338.0, "elapsed_examples": 4002.0, "training_loss": 0.0860246364600758, "training_sequence_accuracy": 0.0, "training_token_accuracy": 0.75, "validation_loss": 0.081687776254709, "validation_sequence_accuracy": 0.5, "validation_token_accuracy": 0.9166666666666666, "_timestamp": 1661324013.665707, "_runtime": 4.262004137039185, "_step": 2001, "fine_tuned_model": "ada:ft-personal-2022-08-24-06-53-18", "status": "succeeded", "_wandb": {"runtime": 26}}