{"elapsed_tokens": 757700.0, "elapsed_examples": 8004.0, "training_loss": 0.0848126148013987, "training_sequence_accuracy": 0.0, "training_token_accuracy": 0.7916666666666666, "validation_loss": 0.0791275158690685, "validation_sequence_accuracy": 0.25, "validation_token_accuracy": 0.875, "_timestamp": 1661313286.571176, "_runtime": 3.9883151054382324, "_step": 2001, "fine_tuned_model": "ada:ft-personal-2022-08-24-03-54-31", "status": "succeeded", "_wandb": {"runtime": 27}}