{"elapsed_tokens": 35325.0, "elapsed_examples": 701.0, "training_loss": 0.024815434351107, "training_sequence_accuracy": 1.0, "training_token_accuracy": 1.0, "validation_loss": 0.0771841502681961, "validation_sequence_accuracy": 0.0, "validation_token_accuracy": 0.6666666666666666, "_timestamp": 1661964067.970647, "_runtime": 2.9310011863708496, "_step": 701, "fine_tuned_model": "ada:ft-lsmoepfl-2022-08-31-16-40-52", "status": "succeeded", "_wandb": {"runtime": 12}}